consent,prolific_id,ai_tool_use_frequency,hours_online_per_day,ai_primary_use_cases,ai_confidence,ai_health_advice_risk,ai_finance_recommendations_risk,ai_work_influence_risk,ai_interacting_with_children_risk,ai_inaccurate_info_risk,ai_data_based_opinions_risk,ai_independent_small_actions_risk,ai_decisions_without_approval_risk,ai_memory_usage_risk,ai_unexpected_actions_risk,ai_inconsistent_responses_unease,ai_tone_changes_reliability_concern,ai_prefer_predictability,ai_emotional_tone_risk,ai_personalisation_risk,ai_strong_opinions_risk,ai_overconfidence_risk,ai_overlook_risks_for_convenience,ai_convenience_tradeoff_acceptance,ai_guidance_stressful_moment_risk,ai_proactive_risk_warning_risk,ai_predicting_future_choices_risk,expect_ai_to_become_safer,future_ai_concern,double_check_ai_info,avoid_topics_with_ai,reduce_ai_use_unpredictable,ai_safety_open_comment,trust_ai_to_act_in_best_interests,what_matters_most,digital_life_effect_on_focus,feelings_about_ai_in_decision_making,ai_values_multi,age_group,gender,country,education_level,work_status,emotional_wellbeing
Yes,663e57101be105ce217a9c31,Sometimes,5-6 hours,Learning or studying,5,7,5,5,6,7,6,5,5,5,5,5,5,4,2,5,2,2,3,5,1,6,4,4,6,6,6,6,I worry about people's use of AI as therapy.,2,5,5,2,"Responsibility, Human wellbeing, Non-harm",25 - 34,Woman,US,Some university/college,Student,5
Yes,5efde724d80f81077c0800b9,Often,Less than 2 hours,Work tasks,3,3,3,5,1,5,4,3,4,4,3,5,4,4,3,5,4,5,6,6,5,4,4,5,3,4,5,4,no,3,3,3,3,"Fairness, Transparency, Accountability",25 - 34,Woman,UK,Bachelor's degree,Employed full time,3
Yes,5be9425b915ffc0001fa767c,Sometimes,11-12 hours,"Information or research, Emotional support or conversation, Decision-making",5,5,4,5,3,6,4,3,2,6,4,6,5,4,5,5,6,5,5,5,7,6,3,6,7,3,3,4,Just that I feel it can be a great tool when you don't feel comfortable talking about certain situations in your predicament.,5,3,4,4,"Empathy, Respect, Non-harm",25 - 34,Woman,Canada,High school,Self-employed / freelance,3
Yes,6348845d31edff3dff1b7799,Sometimes,Less than 2 hours,"Information or research, Work tasks, Learning or studying",6,6,4,2,5,6,5,7,6,7,6,4,3,2,5,6,5,4,3,5,6,5,7,7,5,5,4,3,N/A,4,5,4,4,"Honesty, Non-harm, Transparency",25 - 34,Man,US,Postgraduate degree,Employed full time,7
Yes,656125ea917d5c4c6f1abbc1,Rarely,More than 12 hours,Asked by teacher to use it,1,6,6,6,5,7,5,1,1,4,3,5,5,6,2,2,4,1,1,1,1,3,1,5,2,6,5,7,Concerned about risk to jobs and its use as a cover for layoffs.,2,2,5,1,"Fairness, Non-harm, Transparency",25 - 34,Man,Australia,Some university/college,Student,3
Yes,66abb9487518e84e9073fbb3,Everyday,More than 12 hours,"Information or research, Work tasks, Decision-making, Learning or studying",6,2,4,5,4,6,4,4,6,3,4,7,6,5,7,5,6,2,6,5,6,6,6,4,6,7,4,3,None. Thanks,5,2,6,4,"Honesty, Responsibility, Transparency",25 - 34,Man,Canada,Bachelor's degree,Employed full time,5
Yes,5f25681567da711e51c043ab,Occasionally,2-4 hours,"Information or research, Learning or studying",3,6,4,3,7,7,7,2,1,2,2,5,4,5,3,4,3,2,4,4,3,2,3,2,6,7,3,5,No,2,5,5,3,"Responsibility, Non-harm, Transparency",35 - 44,Woman,UK,Bachelor's degree,Employed full time,5
Yes,66c0d9ef3c9b1d596446f813,Occasionally,5-6 hours,Work tasks,5,6,6,4,7,7,7,5,3,7,5,4,4,4,5,5,4,4,3,4,5,5,4,3,5,5,6,5,it hallucinates too much,3,7,2,4,"Honesty, Human wellbeing, Non-harm",35 - 44,Man,US,Postgraduate degree,Employed full time,5
Yes,659c0682d109f8537a89fdd3,Often,7-8 hours,"Work tasks, Decision-making, Entertainment, Learning or studying",6,2,1,2,3,3,5,4,5,6,3,6,4,5,5,5,5,4,6,6,5,4,4,6,4,3,4,5,N/A,6,3,5,5,"Honesty, Transparency, Accountability",18 - 24,Man,Canada,Bachelor's degree,Employed full time,3
Yes,67be1925d24e02651a03e83c,Very often,5-6 hours,Information or research,5,5,4,5,6,6,5,2,1,5,4,2,5,4,1,2,2,3,5,3,1,3,2,2,5,6,6,6,n/a,2,6,5,2,"Responsibility, Non-harm, Transparency",18 - 24,Woman,Canada,Bachelor's degree,Employed part-time,6
Yes,5f5452df72345118f58d187b,Often,7-8 hours,Information or research,6,1,1,1,2,1,1,1,1,1,1,1,1,3,7,7,7,7,1,7,7,7,7,7,2,1,1,1,no,7,7,1,7,"Responsibility, Accountability",55 - 65,Man,US,Some university/college,Employed part-time,7
Yes,6060ddd26de46b745d90990c,Sometimes,2-4 hours,"Work tasks, Creative projects, Decision-making",7,6,5,6,5,2,5,6,3,6,7,2,5,2,6,7,6,7,6,2,6,3,6,7,2,5,3,1,n/a,7,6,5,6,"Honesty, Fairness, Transparency",25 - 34,Man,US,Bachelor's degree,Employed full time,7
Yes,5f9c99dc06f5f916e9547c10,Very often,7-8 hours,"Information or research, Creative projects, Decision-making, Learning or studying",6,5,6,4,7,5,6,3,1,5,1,4,6,5,2,3,2,2,1,5,1,1,1,4,7,6,1,6,"No, Nothing Else.",4,7,5,2,"Fairness, Human wellbeing, Non-harm",18 - 24,Woman,US,Some university/college,Employed full time,5
Yes,5bc1408d5a09ea00012e3cd8,Often,Less than 2 hours,"Information or research, Creative projects, Decision-making",7,7,3,3,7,4,6,5,3,3,5,5,3,5,3,4,3,5,3,6,4,3,4,5,4,7,5,6,It should only be a side source not a full dependency,4,5,3,5,"Fairness, Respect, Human wellbeing",25 - 34,Woman,US,High school,Employed full time,6
Yes,6035032b2b7720f4818f8042,Often,5-6 hours,"Information or research, Emotional support or conversation, Decision-making, Entertainment, Learning or studying",7,7,3,5,7,7,1,1,1,5,1,7,7,7,4,4,5,5,7,5,7,7,4,1,7,7,1,4,nothing to add,5,7,5,1,"Honesty, Responsibility, Non-harm",25 - 34,Woman,UK,Some university/college,Employed part-time,3
Yes,65a71e97ef9e5d465ec074ef,Very often,7-8 hours,"Information or research, Emotional support or conversation, Decision-making",5,4,3,4,3,4,6,2,3,7,2,5,5,7,2,4,3,2,5,4,6,6,5,4,7,4,3,5,"I feel like I am neutral on this, there are benefits to AI, as there are safety concerns since it is a new development.",4,5,6,3,"Honesty, Fairness, Respect",18 - 24,Woman,US,Some university/college,Student,3
Yes,5ddf1bea59b1b0e98cb178dc,Often,7-8 hours,"Information or research, Work tasks, Decision-making, Entertainment, Learning or studying",7,3,3,4,4,5,4,6,4,7,5,6,6,5,6,7,6,3,5,7,7,7,7,7,1,5,3,4,nope,5,4,3,7,"Fairness, Transparency, Accountability",35 - 44,Non-binary,US,Postgraduate degree,Employed full time,6
Yes,5d58e7299cd0f20001e1aec2@email.prolific.com,Occasionally,5-6 hours,"Information or research, Creative projects",3,4,5,5,2,4,5,6,1,1,2,6,6,7,2,6,2,4,6,6,4,5,1,6,2,6,6,5,nothing I can think off,6,6,5,6,"Honesty, Fairness, Respect",45 - 54,Woman,Australia,Some university/college,Employed part-time,6
Yes,5b8588fdec7fa30001d6103b,Occasionally,7-8 hours,"Information or research, Entertainment",5,6,4,6,7,7,7,1,1,6,2,7,7,6,1,4,2,1,1,1,1,5,4,2,7,7,7,7,na,4,5,3,4,"Honesty, Responsibility, Non-harm",35 - 44,Man,US,Bachelor's degree,Employed full time,5
Yes,661ad4be7fd52981fbab7a50,Often,9-10 hours,"Information or research, Work tasks, Creative projects, Decision-making, Learning or studying",7,6,7,4,7,7,3,7,1,1,3,7,7,4,7,4,5,6,7,5,6,7,7,7,6,7,7,4,AI is a great tool but it is a tool.  Human nature will most likely want to make AI the first point / leader but this is not what AI is designed to be.,3,5,7,4,"Empathy, Human wellbeing, Non-harm",45 - 54,Woman,New Zealand,Bachelor's degree,Employed full time,6
Yes,629f6b8c65fcae219e245284,Everyday,7-8 hours,"Information or research, Emotional support or conversation, Learning or studying",5,6,7,7,6,4,5,3,2,5,3,4,5,3,3,6,5,4,6,7,6,7,2,4,7,7,2,5,Just what happens with your data and how they track you,4,5,5,4,"Responsibility, Human wellbeing, Non-harm",25 - 34,Man,UK,High school,Employed full time,4
Yes,63039f41fa5c21d483996be2,Everyday,2-4 hours,"Information or research, Work tasks, Creative projects, Emotional support or conversation, Decision-making, Learning or studying",7,5,3,3,4,5,2,1,1,7,5,5,7,6,7,7,5,7,7,7,6,7,4,7,1,5,1,7,no,5,7,7,7,"Honesty, Respect, Transparency",35 - 44,Man,UK,Bachelor's degree,Employed full time,7
Yes,691254ee523d2a287bd70286,Everyday,5-6 hours,"Information or research, Decision-making, Learning or studying",7,7,5,6,7,7,7,3,1,7,4,6,6,6,1,6,3,2,5,5,3,1,7,7,7,7,7,3,no,1,6,6,7,"Honesty, Fairness, Human wellbeing",35 - 44,Man,Australia,High school,Employed full time,3
Yes,6913751987bdd4aea749ba06,Everyday,11-12 hours,Work tasks,5,4,4,4,4,4,4,7,7,7,7,5,5,4,4,7,4,4,4,5,7,4,4,4,4,5,5,4,NA,5,5,5,5,"Empathy, Respect, Human wellbeing",18 - 24,Man,Canada,Postgraduate degree,Student,2
Yes,5a47473899311d0001df550e,Sometimes,5-6 hours,"Information or research, Work tasks",5,4,2,2,6,5,5,5,3,6,4,5,6,3,6,6,3,4,4,5,5,6,6,6,2,5,2,3,No,5,6,4,6,"Honesty, Transparency",35 - 44,Woman,UK,Some university/college,Employed full time,6
Yes,69138fc0acb88a6d2a6f8fb8,Often,7-8 hours,"Work tasks, Entertainment, Learning or studying",5,4,3,3,6,6,3,4,5,4,5,3,4,5,3,5,4,3,3,4,5,3,4,4,3,6,5,4,none,4,3,5,3,"Honesty, Transparency, Accountability",25 - 34,Man,Canada,Some university/college,Employed full time,5
Yes,5e29cc3230cf9d03580c34bf,Very often,More than 12 hours,"Information or research, Creative projects, Decision-making, Learning or studying",6,5,6,6,5,7,3,5,1,6,3,3,7,6,5,4,2,4,2,3,5,6,3,4,7,7,3,6,Nothing else at this time,4,7,6,3,"Honesty, Fairness, Transparency",35 - 44,Man,US,Bachelor's degree,Employed full time,5
Yes,6531340389e363d151089093,Often,9-10 hours,"Information or research, Work tasks, Creative projects, Decision-making",7,4,4,4,4,3,5,5,4,5,6,5,5,6,3,5,2,4,5,7,5,6,4,7,6,6,7,4,no,5,7,7,4,"Honesty, Empathy, Fairness",25 - 34,Woman,Canada,Postgraduate degree,Student,6
Yes,5bfb235518430e0001867abd,Everyday,5-6 hours,"Information or research, Work tasks, Emotional support or conversation, Entertainment, Learning or studying",6,4,3,5,7,7,5,6,5,7,5,6,7,7,4,7,4,5,5,6,6,6,5,6,7,6,7,7,I think the fact AI gets things wrong makes me trust it less,6,5,7,3,"Responsibility, Human wellbeing, Transparency",35 - 44,Man,UK,Bachelor's degree,Employed full time,5
Yes,66c7e6ccaa34fd5caa975b14,Everyday,9-10 hours,"Information or research, Work tasks",6,3,2,2,2,4,4,6,6,4,6,6,6,6,2,6,5,6,7,7,5,3,5,2,6,5,2,2,I feel that Google (Gemini) might use my conversations to target me with ads which makes me uncomfortable.,2,6,6,6,"Responsibility, Non-harm, Transparency",25 - 34,Man,Canada,Bachelor's degree,Employed full time,6
Yes,66015185ebe2b04336e79346,Occasionally,7-8 hours,"Information or research, Entertainment",6,5,5,4,6,4,4,4,3,5,4,5,6,4,5,5,4,5,2,4,5,5,5,6,6,5,6,5,no,5,5,5,4,"Empathy, Responsibility, Non-harm",35 - 44,Woman,Australia,Postgraduate degree,Not currently working,5
Yes,69271b1f393c5881c5d68ec8,Everyday,5-6 hours,"Information or research, Work tasks, Decision-making, Learning or studying",5,5,3,6,6,7,6,3,3,6,6,6,6,6,3,3,3,2,2,2,5,3,5,3,6,6,5,6,None,5,5,5,3,"Fairness, Transparency, Accountability",35 - 44,Woman,Canada,Bachelor's degree,Employed full time,5
Yes,5c2f6d25e38ccd0001caab19,Occasionally,2-4 hours,"Information or research, Creative projects",5,3,3,4,5,4,6,4,2,5,3,4,6,6,5,4,5,3,3,4,6,5,2,6,4,4,2,4,no comments,4,5,4,4,"Empathy, Responsibility, Transparency",45 - 54,Man,UK,Some university/college,Not currently working,3
Yes,5bf571c7d944c300012629cf,Often,7-8 hours,"Information or research, Work tasks, Creative projects, Decision-making, Learning or studying",6,6,6,6,4,4,5,3,3,7,7,5,6,6,7,7,7,7,7,7,7,7,7,7,7,6,6,6,It's the future,7,7,4,6,"Honesty, Fairness, Transparency",45 - 54,Man,UK,High school,Employed full time,5
Yes,5a75b131eea3d300016ddc70,Often,2-4 hours,"Information or research, Creative projects, Entertainment",6,4,3,3,2,5,4,4,3,6,2,7,6,7,3,5,1,2,3,4,4,6,5,6,3,5,1,4,No,5,5,5,4,"Honesty, Non-harm, Transparency",45 - 54,Man,UK,High school,Employed part-time,6
Yes,67049a20693407459a062247,Sometimes,More than 12 hours,"Information or research, Decision-making, Entertainment",4,6,7,5,6,7,7,3,1,4,2,7,7,7,1,3,5,5,2,4,4,5,6,5,7,7,7,7,"no
",3,6,5,5,"Honesty, Responsibility, Non-harm",25 - 34,Man,Canada,Bachelor's degree,Employed full time,5
Yes,5aca8df5436f550001000d03,Occasionally,2-4 hours,Work tasks,4,7,6,5,7,7,6,3,1,7,4,7,7,6,2,5,2,1,3,4,1,2,2,2,7,7,2,5,"I use it to help me start doing some work, like if I have writer's block over an email and go from there. In large part I refuse to use it for important tasks because I don't trust and don't want to have to spend any time going through its outputs checking everything.",2,4,5,1,"Honesty, Transparency, Accountability",45 - 54,Woman,New Zealand,Bachelor's degree,Employed full time,5
Yes,666445e5b72745f04a4f57d6,Sometimes,2-4 hours,"Information or research, Creative projects",4,3,4,3,3,5,4,5,2,5,4,6,5,5,3,4,5,5,5,4,5,5,3,5,3,5,3,5,No,4,3,5,4,"Fairness, Human wellbeing, Non-harm",45 - 54,Man,UK,High school,Employed full time,3
Yes,691cdcd4aedcb973a632726e,Never,7-8 hours,Entertainment,4,7,7,7,7,7,6,1,1,1,1,7,7,5,1,2,1,1,1,1,1,3,2,1,6,7,7,4,I do not trust AI in most situations.,1,4,5,1,"Human wellbeing, Transparency, Accountability",18 - 24,Non-binary,Canada,Some university/college,Student,2
Yes,5cc53cf3291607001757c712,Often,2-4 hours,Information or research,7,4,4,4,5,5,4,6,3,7,6,5,5,4,4,4,3,4,4,5,4,4,4,5,4,5,1,3,No,4,6,1,4,"Honesty, Human wellbeing, Non-harm",55 - 65,Man,UK,Postgraduate degree,Other,6
Yes,6637e6d382d221675254185b,Everyday,7-8 hours,"Information or research, Work tasks, Creative projects, Decision-making",6,7,7,5,4,7,7,1,1,1,1,3,5,4,3,1,4,4,7,5,4,2,1,1,7,6,7,5,Privacy,1,6,4,3,"Non-harm, Transparency, Accountability",35 - 44,Man,Canada,Bachelor's degree,Employed full time,5
Yes,66ca73749d6881cffa1920f5,Often,5-6 hours,"Information or research, Learning or studying",4,7,7,7,7,7,7,2,1,1,4,6,6,7,1,1,1,1,3,1,2,5,1,4,5,7,7,7,n/a,2,2,5,1,"Non-harm, Transparency, Accountability",35 - 44,Woman,US,Some university/college,Employed full time,3
Yes,67fb712344e93ae6c23a6805,Everyday,7-8 hours,"Information or research, Work tasks, Entertainment, Learning or studying",5,7,4,6,6,7,4,1,1,1,4,7,7,4,1,4,1,1,4,5,6,5,4,7,5,5,5,7,N/A,3,7,7,7,"Honesty, Human wellbeing, Non-harm",55 - 65,Man,UK,Some university/college,Employed full time,7
Yes,664f4729958d6a1fa6ab96de,Everyday,More than 12 hours,"Information or research, Work tasks, Creative projects, Emotional support or conversation, Decision-making, Entertainment, Learning or studying",4,1,1,4,1,5,1,2,7,7,7,5,7,1,7,7,1,5,7,7,7,4,6,4,1,7,1,1,no,5,1,5,5,"Empathy, Non-harm, Transparency",25 - 34,Man,Canada,High school,Not currently working,5
Yes,669d3cf85bed73f3e2ce7526,Sometimes,5-6 hours,"Information or research, Emotional support or conversation, Decision-making, Learning or studying",5,6,6,6,7,7,6,4,2,6,4,5,4,5,3,5,4,2,6,4,4,5,5,4,7,6,1,5,I'm worried about the impact of students using AI to do school work,4,4,5,3,"Honesty, Empathy, Non-harm",18 - 24,Woman,Canada,Some university/college,Employed part-time,3
Yes,67c735f93ad62d77e21b7538,Everyday,More than 12 hours,"Entertainment, Learning or studying",7,7,7,7,7,7,7,7,1,4,7,7,7,7,1,1,1,1,1,4,1,7,1,3,7,7,7,7,This says optional but it is a required question. I cannot progress the survey until I have answer this question.,1,2,4,1,"Honesty, Human wellbeing, Non-harm",18 - 24,Prefer not to say,Canada,Some university/college,Student,2
Yes,6912f0fc93fc8b7b5684076d,Sometimes,Less than 2 hours,"Information or research, Work tasks",4,4,3,2,6,5,7,4,3,3,5,5,6,6,5,2,6,6,6,5,1,2,3,4,5,3,6,6,I never share personal identification information of myself or others ,3,5,6,3,"Honesty, Responsibility, Non-harm",45 - 54,Woman,Australia,Bachelor's degree,Employed full time,5
Yes,5e299d8c2e9dc4000be0fde0,Occasionally,5-6 hours,"Information or research, Work tasks",4,6,2,4,6,7,4,6,7,3,5,7,5,4,5,6,4,4,6,6,5,6,6,7,7,1,1,1,n/a,5,6,5,7,"Human wellbeing, Non-harm, Transparency",25 - 34,Man,UK,Bachelor's degree,Employed full time,5
Yes,668ae8e08067501a87b3b4e1,Occasionally,5-6 hours,Work tasks,4,6,6,6,7,7,7,3,2,4,3,7,6,6,1,3,1,1,1,1,4,1,1,1,6,6,6,7,"the fact that it scrapes from the internet without permission makes me feel uneasy and unsafe about all the ways i ever have used the internet, not just when i am actively using AI. i also now question the reality of a lot of visual media i see online. it sucks.",1,5,6,1,"Responsibility, Transparency, Accountability",25 - 34,Non-binary,US,Bachelor's degree,Self-employed / freelance,4
Yes,6173c0bb92e149b4127563fe,Sometimes,7-8 hours,"Work tasks, Decision-making",4,6,6,6,7,7,6,2,2,6,4,7,5,4,3,4,4,4,4,2,5,4,3,3,7,6,6,7,I'm more concerned with energy and water usage. ,1,5,7,1,"Responsibility, Human wellbeing, Transparency",45 - 54,Woman,US,High school,Self-employed / freelance,5
Yes,6917a5296df6d29ebb83b1f1,Sometimes,7-8 hours,"Information or research, Learning or studying",7,6,5,4,5,7,7,1,1,6,1,7,7,7,1,6,6,1,1,2,1,1,1,1,7,7,7,7,No,1,5,7,1,"Non-harm, Transparency, Accountability",18 - 24,Man,New Zealand,High school,Student,2
Yes,67e1d85800cb3a05eae74bbf,Often,2-4 hours,"Information or research, Work tasks, Emotional support or conversation, Learning or studying",4,3,2,1,5,6,2,5,3,6,2,6,7,6,5,5,5,5,6,4,5,6,6,6,4,6,3,5,AI companies should go public about potential  risks that Ai might pose in future.,5,7,3,5,"Non-harm, Transparency, Accountability",25 - 34,Woman,US,Some university/college,Employed full time,5
Yes,66723b1f7c3cf6961f0868a3,Often,7-8 hours,"Information or research, Creative projects, Emotional support or conversation, Decision-making, Learning or studying",5,4,4,5,6,7,7,4,4,7,6,6,4,3,4,5,5,6,6,5,6,7,7,6,5,7,5,4,"The worry for me is that you need a lot of critical thinking and prior knowledge and experience to catch inconsistencies and inaccuracy. I do cross reference most information I get from AI, especially if I am not knowledgeable in the topic. If AI is going to simplify our lives in should be factually accurate to reduce the amount of fact checking necessary. ",4,4,4,5,"Honesty, Empathy, Fairness",45 - 54,Woman,Australia,Bachelor's degree,Not currently working,4
Yes,68ca863ee90ab337a8422bff,Very often,7-8 hours,"Information or research, Emotional support or conversation, Learning or studying",5,4,3,3,4,5,3,5,3,7,4,6,5,4,6,5,3,5,6,6,5,6,5,6,4,5,4,5,n/a,5,5,5,5,"Honesty, Fairness, Non-harm",25 - 34,Woman,Australia,Postgraduate degree,Student,4
Yes,5e0d0d47d62abe49fe4748df,Very often,2-4 hours,"Information or research, Decision-making",5,3,3,4,6,4,4,2,1,3,5,6,4,6,2,5,4,3,4,6,5,5,5,6,3,5,3,5,"If in doubt at all I would always check, sometimes use it to double check my own thoughts",5,5,5,6,"Honesty, Fairness, Transparency",Over 65,Woman,UK,High school,Not currently working,6
Yes,691769fb0d1b934f947b35f0,Sometimes,7-8 hours,"Information or research, Creative projects",7,6,7,5,4,7,6,3,2,7,5,4,4,3,4,6,5,3,4,5,4,6,4,4,7,6,2,4,No,5,6,5,4,"Honesty, Responsibility, Transparency",18 - 24,Man,New Zealand,Some university/college,Student,5
Yes,5b6e9435885b0b0001bb034b,Very often,7-8 hours,"Information or research, Work tasks, Creative projects, Decision-making, Entertainment, Learning or studying",6,6,5,6,5,5,4,5,4,6,5,5,6,5,5,6,4,2,3,5,5,3,5,5,3,5,4,3,None come to mind,6,4,5,5,"Fairness, Responsibility, Transparency",25 - 34,Man,US,Bachelor's degree,Employed full time,5
Yes,66759eb2274a4f10deeba339,Often,7-8 hours,"Information or research, Creative projects, Learning or studying",6,5,6,5,5,6,5,4,5,5,5,6,5,6,4,4,4,4,4,3,4,5,4,6,4,6,6,4,I have high hopes the future of Ai will be much safer than it is now. ,5,5,5,5,"Fairness, Responsibility, Human wellbeing",25 - 34,Man,US,Bachelor's degree,Employed full time,4
Yes,67be31866f5cf32a9c47a58f,Sometimes,2-4 hours,"Work tasks, Decision-making",4,4,3,5,6,7,4,3,3,4,6,3,4,3,5,5,6,6,6,4,5,6,3,4,5,3,5,4,No,3,6,5,3,"Non-harm, Transparency, Accountability",25 - 34,Man,Canada,Some university/college,Employed full time,5
Yes,58954e2dc88c680001dd4b7e,Sometimes,5-6 hours,Learning or studying,5,5,5,4,5,6,5,5,6,6,6,6,6,3,6,4,5,5,4,3,4,7,5,4,5,6,6,5,It should never have a 100% say in anything .. A human should Q.C it's task .. Deny or allow ,5,6,3,4,"Honesty, Empathy, Transparency",55 - 65,Man,UK,High school,Employed part-time,6
Yes,5c60501d767686000100150c,Rarely,9-10 hours,Information or research,1,5,5,5,7,7,7,1,1,1,1,7,7,7,1,2,1,1,1,1,1,1,1,6,4,4,1,3,no,1,6,2,1,"Non-harm, Transparency",55 - 65,Woman,UK,High school,Not currently working,3
Yes,5b3b3de3c49ecb00010a92d9,Everyday,2-4 hours,"Information or research, Work tasks, Learning or studying",6,6,5,3,6,6,4,7,2,7,3,6,5,6,3,6,3,4,2,4,7,6,4,3,5,6,2,3,No,3,6,5,4,"Honesty, Human wellbeing, Non-harm",35 - 44,Woman,UK,Bachelor's degree,Employed full time,5
Yes,63e5665b49cf3cdbd54ea57b,Often,7-8 hours,"Information or research, Work tasks, Learning or studying",4,5,4,4,6,5,6,1,1,5,3,4,3,3,3,7,6,4,1,4,2,4,4,4,5,5,1,2,There is a risk with AI if you use it mindlessly or thinking it's sentient/all knowing. I use it knowing it can only advise and I am in control whether or not I use the resulting advise/content ,2,7,4,5,"Responsibility, Human wellbeing, Non-harm",45 - 54,Woman,UK,High school,Employed full time,7
Yes,5c093a3f600aff0001d7002c,Very often,9-10 hours,"Information or research, Work tasks, Creative projects, Decision-making, Learning or studying",6,4,3,4,6,5,7,7,3,6,2,4,5,6,4,6,1,4,7,6,6,7,4,3,6,4,2,3,The biggest risk is when they work without humans and become fully automated. ,4,6,6,5,"Honesty, Human wellbeing, Accountability",45 - 54,Man,Australia,Bachelor's degree,Self-employed / freelance,6
Yes,691782f0fb216cca524fccfd,Occasionally,5-6 hours,"Information or research, Creative projects, Emotional support or conversation, Decision-making",5,4,4,5,6,5,5,1,2,2,2,5,5,6,2,2,4,3,5,6,5,6,2,5,3,5,5,6,"I answered based on ChatGPT/Gemini/etc use, but I would have answered differently when it comes to localAI (e.g. Llama or Qwen etc). In those cases I am more open with the AI and more likely feel less risk that it has my data and chat history. However the flip side is that local models are usually behind the open ones, so perhaps I trust local responses less when it comes to trust in quality of info.",3,3,6,3,"Honesty, Empathy, Transparency",45 - 54,Man,New Zealand,Bachelor's degree,Not currently working,3
Yes,671ba65a14a83896384598a0,Often,2-4 hours,"Information or research, Creative projects, Learning or studying",4,4,4,5,7,5,7,1,1,5,6,3,4,2,6,7,7,7,5,7,7,7,5,2,7,6,5,6,No,5,6,3,4,"Honesty, Fairness, Responsibility",35 - 44,Woman,US,Bachelor's degree,Employed part-time,2
Yes,5e1b795dc799223a3b447ada,Everyday,11-12 hours,"Information or research, Creative projects, Decision-making, Learning or studying",6,2,2,2,2,4,3,3,3,5,3,5,5,6,2,4,5,2,4,4,5,5,4,7,4,2,2,2,n/a,5,5,6,5,"Honesty, Respect, Transparency",18 - 24,Man,UK,Bachelor's degree,Employed full time,5
Yes,5e64a02eb7d70b20f250b129,Everyday,More than 12 hours,"Information or research, Work tasks, Creative projects, Entertainment, Learning or studying",6,3,3,3,5,5,5,5,5,6,6,6,3,5,3,6,6,6,5,6,6,6,6,7,2,4,3,6,"I really like AI and it's been useful in my personal, work, and school lives. I am always concerned about false information and/or bias, but overall I trust AI. ",6,6,3,7,"Honesty, Non-harm, Transparency",Over 65,Woman,US,Bachelor's degree,Employed part-time,5
Yes,69214006b59ae63d0a211b7e,Sometimes,5-6 hours,"Information or research, Decision-making",5,5,4,4,6,6,6,2,1,6,4,4,6,4,3,4,3,2,2,2,4,5,5,4,5,6,5,6,No,4,6,3,2,"Honesty, Responsibility, Transparency",35 - 44,Woman,New Zealand,Postgraduate degree,Employed full time,5
Yes,66cb3c9ef4d2f2b98c80d926,Sometimes,2-4 hours,"Information or research, Work tasks, Decision-making",6,4,6,3,4,5,5,5,2,6,3,5,6,6,4,4,5,5,3,4,4,5,5,5,6,7,3,3,"I am more and more concerned about data privacy, because I can never trust an AI system to keep conversations confidential (even if it's explicitly stated), they can just decide to share info with third party services without my consent. Also I am concerned about the environment because AI systems need a lot of resources that generate increasing amount of CO2.",3,4,5,4,"Fairness, Transparency, Accountability",35 - 44,Man,Australia,Bachelor's degree,Employed part-time,6
Yes,5c9f4ad2bbce4600016f3771,Rarely,5-6 hours,Entertainment,4,7,7,7,7,7,7,1,1,4,1,6,6,4,1,1,1,1,1,1,1,1,2,2,6,7,6,4,I do not expect the level of regulation/security necessary to be taken by our current administration and the organizations hosting them,1,6,3,1,"Responsibility, Non-harm, Transparency",25 - 34,Man,US,Bachelor's degree,Other,6
Yes,5af3c4e197a14300017d3f49,Everyday,2-4 hours,"Information or research, Work tasks, Learning or studying",6,6,5,2,6,6,4,5,2,5,5,6,6,6,2,6,5,5,6,6,6,6,6,6,6,4,3,6,no,5,6,3,5,"Fairness, Responsibility, Transparency",35 - 44,Man,US,Postgraduate degree,Employed full time,7
Yes,66761a7cef6f2c01681b6731,Very often,2-4 hours,Information or research,6,6,7,5,3,6,6,6,5,4,6,7,6,5,7,7,7,4,5,6,6,3,4,7,2,2,5,5,No,6,6,4,5,"Honesty, Transparency, Accountability",25 - 34,Woman,Canada,Bachelor's degree,Employed full time,6
Yes,69161b7d0a54d52d99df4354,Everyday,5-6 hours,"Information or research, Work tasks, Creative projects, Decision-making, Learning or studying",4,6,4,3,6,6,6,3,2,6,2,5,6,6,2,4,6,5,5,5,5,6,5,3,6,5,5,5,No,3,5,5,3,"Fairness, Responsibility, Human wellbeing",25 - 34,Man,Ireland,Postgraduate degree,Employed full time,3
Yes,5fc5eb3d971cc9187730230b,Everyday,7-8 hours,"Information or research, Emotional support or conversation, Decision-making",5,7,7,7,7,5,4,4,3,5,3,6,6,4,7,6,5,4,3,3,6,5,5,7,7,6,6,6,It sucks at shutting down spiritual beliefs. Believing in Jesus is cool but the minute I mention believing in other beings I'm nuts. ,3,6,6,4,"Honesty, Non-harm, Transparency",35 - 44,Non-binary,US,Bachelor's degree,Employed part-time,6
Yes,648868c355e5b891758c5767,Occasionally,5-6 hours,"Creative projects, Decision-making, Learning or studying",5,3,5,4,6,6,4,2,2,4,2,5,6,5,5,4,3,4,6,4,3,5,4,4,6,2,4,5,No,4,3,5,4,"Honesty, Responsibility, Accountability",25 - 34,Woman,Canada,Bachelor's degree,Employed part-time,3
Yes,5daa828510839e0016aa193b,Often,9-10 hours,"Information or research, Work tasks",6,4,4,5,7,7,6,1,1,5,1,5,6,6,1,4,4,1,2,2,1,1,1,1,6,7,5,6,no,3,4,6,1,"Responsibility, Transparency, Accountability",18 - 24,Woman,Canada,Some university/college,Student,4
Yes,678b6eba161e3e871bbafef5,Everyday,9-10 hours,"Information or research, Work tasks, Learning or studying",6,4,5,5,2,5,5,5,6,3,3,6,6,5,6,3,4,4,5,5,4,4,5,5,4,6,2,5,N/a,5,6,5,5,"Honesty, Responsibility, Transparency",35 - 44,Man,UK,Some university/college,Employed full time,6
Yes,68cdd1f9acf6b2542a73e563,Very often,9-10 hours,"Information or research, Learning or studying",4,5,6,6,5,7,7,4,1,1,1,6,6,6,1,1,1,1,4,1,1,1,1,4,6,7,7,7,None,1,7,1,4,"Non-harm, Transparency",35 - 44,Woman,US,Some university/college,Self-employed / freelance,7
Yes,64fc737d5e2042e59de32278,Occasionally,2-4 hours,"Emotional support or conversation, Entertainment",5,4,4,4,7,7,7,2,1,4,1,7,7,4,5,3,2,4,4,4,6,6,4,4,7,7,4,4,It can be risky but it has also its advantage. Any individual who uses AI must always consider the risks and should always seek other  resources from humans.,4,7,1,5,"Non-harm, Transparency, Accountability",45 - 54,Woman,UK,High school,Other,6
Yes,69261697a3523316ff1c96f5,Occasionally,9-10 hours,"Work tasks, Entertainment",4,7,7,6,6,7,7,5,2,5,5,4,5,4,4,3,1,1,4,3,4,5,4,6,6,7,5,6,"N/A
",4,6,4,3,"Honesty, Non-harm, Transparency",18 - 24,Woman,Canada,Bachelor's degree,Not currently working,5
Yes,61496cada4d62f06804fa610,Often,7-8 hours,"Work tasks, Creative projects, Decision-making, Learning or studying",5,5,5,3,4,5,5,5,5,6,4,5,6,3,5,2,5,4,6,6,6,5,4,3,5,2,5,2,"Sometimes I worry that AI gives out wrong information. Sometimes, it changed its answer after you've corrected it, and act like it was not wrong in the first place.",3,5,5,4,"Fairness, Transparency, Accountability",18 - 24,Woman,US,Bachelor's degree,Employed full time,5
Yes,60b3a4a2da99cec56c93cc61,Often,7-8 hours,"Information or research, Work tasks, Creative projects, Decision-making, Learning or studying",5,6,3,4,6,7,5,6,6,5,6,6,6,7,2,3,3,2,5,5,6,3,5,5,5,5,2,3,"I worry about it political leanings, we see on algorithms such as X and the news how information is clearly shared to fit the agenda of the people funding it , I worry if there were a monopoly over it or it being developed to think uncritically ",5,6,3,5,"Honesty, Responsibility, Transparency",25 - 34,Man,UK,Bachelor's degree,Employed full time,7
Yes,67be9cc9db559147a6f5a9d7,Often,7-8 hours,"Information or research, Emotional support or conversation, Decision-making, Learning or studying",5,2,5,4,5,6,5,3,2,4,3,5,6,7,2,7,3,5,5,6,6,7,6,5,5,7,3,2,N/A,5,5,6,4,"Honesty, Human wellbeing, Transparency",25 - 34,Man,Canada,Bachelor's degree,Employed full time,6
Yes,61656042f505fd7fa53e8628,Very often,2-4 hours,"Work tasks, Decision-making, Learning or studying",5,4,4,5,5,5,4,5,6,4,4,5,5,4,4,4,6,6,3,4,3,4,3,6,4,5,5,4,no i use it as and when and happy with its answers ,4,5,5,5,"Honesty, Human wellbeing, Non-harm",55 - 65,Woman,UK,High school,Employed part-time,6
Yes,69295affe92b6aaef08c1ca8,Very often,More than 12 hours,"Work tasks, Decision-making, Learning or studying",6,4,4,3,4,4,5,7,5,7,7,4,1,2,4,6,4,4,4,6,5,5,4,4,1,4,1,2,not very concerned with the safety of it when you understand its just an LLM,6,7,1,5,"Transparency, Accountability",35 - 44,Man,Australia,High school,Self-employed / freelance,7
Yes,6679dc943f855ba978447c25,Occasionally,5-6 hours,Information or research,4,1,3,2,1,6,7,2,1,4,2,7,6,4,1,4,2,2,3,2,1,5,2,2,7,6,4,6,I'm just generally uncomfortable with AI. It's fine for mundane tasks such as a recent one I did to come up with a name for a trivia group. But I don't trust AI for tasks that could have serious or negative outcomes.,2,6,2,1,"Honesty, Non-harm, Transparency",Over 65,Woman,US,Some university/college,Employed part-time,6
Yes,67afa55fbc4aa45a19e07e11,Everyday,2-4 hours,"Information or research, Emotional support or conversation, Entertainment, Learning or studying",5,6,5,4,2,6,4,2,1,4,2,6,7,4,4,1,5,6,2,6,5,6,4,6,4,7,2,6,No.,4,7,2,5,"Honesty, Transparency, Accountability",25 - 34,Man,US,Postgraduate degree,Employed part-time,6
Yes,69177143d6297ce570f124ec,Sometimes,7-8 hours,Information or research,5,4,5,5,7,7,7,2,1,3,3,6,6,5,7,7,7,7,4,3,2,4,2,3,7,5,5,4,No,4,5,3,2,"Honesty, Responsibility, Human wellbeing",25 - 34,Woman,New Zealand,Bachelor's degree,Employed full time,5
Yes,6912c6788ea82059957e7de6,Everyday,5-6 hours,"Information or research, Work tasks, Creative projects, Decision-making, Texts to people",5,5,5,1,3,5,4,4,5,7,4,6,6,4,5,5,5,4,6,6,5,5,6,6,5,3,4,2,I do not care about privacy tbh. I'd rather they just use it all and make life easier. Down with capitalism and the reliance of working hustle cuture all the time,4,2,4,6,"Honesty, Responsibility, Transparency",25 - 34,Woman,Australia,Bachelor's degree,Employed part-time,3
Yes,5c309bb410677f0001dda0ed,Often,7-8 hours,"Information or research, Emotional support or conversation, Entertainment, Learning or studying",7,2,2,2,4,5,2,6,5,7,6,4,7,5,6,7,6,6,5,4,7,6,6,7,1,2,2,6,Nothing to add.,7,5,6,6,"Honesty, Non-harm, Transparency",35 - 44,Man,US,Postgraduate degree,Self-employed / freelance,5
Yes,67115fbb7f66e154bfe6c800,Everyday,9-10 hours,"Information or research, Work tasks, Creative projects, Decision-making, Entertainment, Learning or studying",7,5,5,6,5,6,6,6,6,5,6,7,6,5,3,6,6,6,4,5,6,6,5,6,7,5,5,5,I think AI should be regulated in our society,5,6,7,5,"Honesty, Transparency, Accountability",25 - 34,Man,UK,Postgraduate degree,Employed full time,6
Yes,66d31a1b0515fe747830bab9,Sometimes,7-8 hours,"Information or research, Work tasks",5,5,6,3,6,6,7,3,1,4,4,6,6,7,2,5,5,3,5,5,4,5,5,7,3,6,5,5,no,5,6,1,5,"Honesty, Fairness, Human wellbeing",55 - 65,Man,UK,High school,Employed full time,6
Yes,68ca2a1e133adc24b175cf69,Often,Less than 2 hours,"Information or research, Work tasks, Decision-making, Learning or studying",5,4,3,2,6,5,5,3,2,2,4,7,7,5,2,3,3,1,6,5,6,6,4,3,6,4,5,5,Misleading the younger generation,5,6,5,5,"Honesty, Non-harm, Accountability",35 - 44,Woman,US,Postgraduate degree,Employed full time,3
Yes,656f366a539cf734f6c2bd27,Everyday,5-6 hours,Information or research,5,4,3,4,7,7,7,1,1,6,4,4,4,3,4,4,7,6,1,2,3,7,4,5,4,6,1,3,No,4,5,5,3,"Honesty, Responsibility, Non-harm",45 - 54,Woman,US,High school,Self-employed / freelance,4
Yes,63e59ee5226fa6bbe1be8ecf,Very often,5-6 hours,"Information or research, Work tasks, Learning or studying",6,4,4,2,2,3,2,6,6,6,6,5,5,5,5,6,6,5,3,5,6,6,6,7,2,6,3,5,n/a,6,6,5,5,"Honesty, Fairness, Transparency",18 - 24,Man,Australia,High school,Employed full time,6
Yes,677307ffcee988907232b0cc,Often,5-6 hours,"Information or research, Work tasks",5,4,4,3,6,6,7,3,2,5,4,6,4,5,4,4,2,4,5,4,4,3,2,4,6,5,3,6,No,4,6,5,3,"Honesty, Responsibility, Non-harm",35 - 44,Woman,UK,Bachelor's degree,Employed part-time,4
Yes,669d1ed8adb50bc8c550108d,Sometimes,2-4 hours,"Information or research, Work tasks",4,5,3,3,6,3,6,3,2,6,4,5,5,2,3,5,4,3,5,5,6,6,5,7,3,5,4,4,Currently not,5,5,3,4,"Honesty, Transparency, Accountability",25 - 34,Woman,UK,High school,Employed full time,5
Yes,6400f78239b2d28e8caf8db4,Sometimes,5-6 hours,"Information or research, Work tasks, Decision-making, Entertainment, Learning or studying",6,5,5,4,6,5,4,5,6,3,4,4,4,5,2,4,5,5,3,3,4,5,2,5,4,5,1,2,No,4,6,5,2,"Responsibility, Human wellbeing, Accountability",25 - 34,Woman,Australia,Postgraduate degree,Employed full time,6
Yes,6744d143eddffd17d345b192,Often,9-10 hours,"Information or research, Work tasks, Decision-making, Entertainment, Learning or studying",6,5,4,4,6,5,5,2,2,3,4,5,6,5,2,3,2,3,2,4,3,3,3,4,5,5,4,4,None that I can think of :) thank you.,3,5,5,3,"Responsibility, Human wellbeing, Non-harm",25 - 34,Man,UK,Bachelor's degree,Employed part-time,3
Yes,658e9835dd1140be88c96a76,Occasionally,7-8 hours,"Information or research, Work tasks, Decision-making",5,5,5,5,6,5,6,3,1,4,3,2,4,4,4,2,3,3,6,5,4,5,5,5,5,5,4,5,No,5,4,5,4,"Honesty, Responsibility, Non-harm",25 - 34,Prefer not to say,Australia,Bachelor's degree,Employed full time,5
Yes,676ed8014625d5ebd417b5f2,Everyday,2-4 hours,"Information or research, Emotional support or conversation, Decision-making, Learning or studying",7,2,2,2,6,4,5,2,1,3,2,5,5,6,6,5,4,4,1,5,6,7,4,6,1,5,5,4,I think for the most part AI can be trusted ,6,5,3,6,"Honesty, Responsibility, Accountability",55 - 65,Woman,US,High school,Not currently working,6
Yes,5bb756696322c5000159756c,Everyday,5-6 hours,"Information or research, Work tasks, Emotional support or conversation, Decision-making",6,3,3,2,4,5,3,6,2,6,6,4,4,5,6,6,4,3,6,6,6,7,5,6,7,5,2,5,None,5,7,6,6,"Responsibility, Non-harm, Transparency",35 - 44,Man,UK,Postgraduate degree,Employed full time,4
Yes,62e29557ed1b3a918b95cb30,Often,9-10 hours,"Information or research, Work tasks, Learning or studying",6,6,3,6,7,6,6,6,7,2,4,3,3,2,6,2,6,7,6,6,3,6,6,6,3,4,1,6,No,2,7,6,5,"Responsibility, Transparency, Accountability",45 - 54,Man,UK,Postgraduate degree,Employed full time,2
Yes,62fdcda607c1d770ba1c6da8,Occasionally,7-8 hours,"Information or research, Translating",1,6,6,7,7,7,7,2,1,1,1,6,7,7,3,1,2,1,1,2,3,3,3,3,7,7,6,7,"I only use AI in VERY selective situations, it has proven too unreliable for anything of importance. The only reliable times I have used AI is when it is automating a highly repetitive and predictable task like populating spreadsheets, or translating forms.",1,5,4,1,"Transparency, Accountability, Accuracy!!!",35 - 44,Man,US,Postgraduate degree,Self-employed / freelance,7
Yes,66a0d2b35975ab1d10e81ebb,Often,9-10 hours,"Information or research, Work tasks, Learning or studying",6,4,4,2,5,6,5,2,2,4,4,5,6,5,4,3,6,6,6,5,3,4,1,6,5,7,5,2,no,5,6,5,4,"Honesty, Responsibility, Transparency",18 - 24,Man,UK,Some university/college,Student,6
Yes,66aead16a4c7250d5ff67379,Often,2-4 hours,"Information or research, Decision-making",3,6,6,4,7,6,5,1,2,5,2,6,2,2,2,2,2,2,6,3,1,5,1,6,6,5,6,2,"i just think its so risky in the wrong hands, or people believing it 100%. these things are not100% accurate. im more specifically worried about the impact on kids, in fake ai videos and such, its scary.0",2,7,4,3,"Fairness, Respect, Transparency",35 - 44,Woman,Australia,High school,Other,4
Yes,60f5df9db9380d875c320307,Very often,Less than 2 hours,"Information or research, Work tasks, Creative projects, Learning or studying",6,3,4,3,5,6,6,2,1,3,1,6,7,5,7,4,6,6,4,3,6,5,4,7,7,6,4,6,none,5,7,2,4,"Honesty, Human wellbeing, Transparency",55 - 65,Man,UK,Postgraduate degree,Employed full time,6
Yes,66d06147ed3ad2c95096ea2d,Very often,9-10 hours,"Information or research, Work tasks, Learning or studying",6,5,6,3,3,6,6,5,3,7,7,2,2,2,5,7,5,5,5,6,6,6,7,7,4,6,2,2,I feel that concerns are inflated by the media.,4,6,4,6,"Fairness, Human wellbeing, Transparency",55 - 65,Man,Australia,Postgraduate degree,Employed full time,7
Yes,64b7f276eaf5b317013d2584@email.prolific.com,Sometimes,2-4 hours,"Information or research, Decision-making",5,3,3,4,2,4,4,3,2,3,5,3,5,4,5,5,4,5,5,5,5,6,4,6,6,2,2,4,No,5,6,5,3,"Empathy, Responsibility, Human wellbeing",45 - 54,Woman,Ireland,Bachelor's degree,Employed full time,6
Yes,600a878fa6fbbf1ba60bea36,Sometimes,7-8 hours,"Information or research, Decision-making, Entertainment, Learning or studying",5,5,5,4,6,4,7,3,1,5,3,6,4,3,4,2,4,5,6,6,4,3,3,7,3,4,3,4,AI is our future. We need to embrace it and all work to make it the best it can be.,5,6,2,6,"Respect, Responsibility, Non-harm",55 - 65,Man,UK,Bachelor's degree,Not currently working,6
Yes,5c3c1728bc64440001349812,Everyday,5-6 hours,"Information or research, Work tasks, Creative projects, Learning or studying",5,5,4,3,6,5,6,2,1,6,3,6,6,6,1,5,2,7,2,3,5,6,5,7,6,5,1,6,I would like to know more about how AI works to generate responses. This might give me more confidence ,4,7,4,5,"Honesty, Responsibility, Transparency",45 - 54,Man,Australia,Postgraduate degree,Employed full time,7
Yes,5827634ea80bf4000199994b,Rarely,2-4 hours,Usually for interaction with customer services for various reasons ,5,6,6,5,7,7,4,1,1,1,1,6,7,6,6,6,7,7,1,1,5,3,2,3,6,6,3,6,"I am trying to maintain a positive attitude and opinion of AI due to its potential for improving medical diagnoses, however, I don't believe it should be in the hands of the public. Thank you ",2,6,4,2,"Responsibility, Non-harm, Accountability",Over 65,Woman,UK,Postgraduate degree,Self-employed / freelance,6
Yes,5da74e9437d4210016492810,Often,9-10 hours,Information or research,5,3,4,4,6,5,6,5,1,3,3,5,5,3,6,3,5,4,4,4,2,5,4,4,6,5,1,1,I don't trust every answer that AI gives me therefore it's risky to trust AI.,2,5,2,5,"Honesty, Responsibility, Human wellbeing",55 - 65,Man,Canada,Some university/college,Not currently working,2
Yes,60ddc62b071a009e0b0c2922,Occasionally,5-6 hours,Information or research,6,6,5,5,5,7,6,3,2,2,2,7,6,5,2,2,1,1,1,1,4,5,5,2,7,6,7,7,I'm worried long term for its safety,2,7,6,1,"Honesty, Empathy, Fairness",35 - 44,Man,UK,Some university/college,Self-employed / freelance,5
Yes,58f669cefb4d7500014af69b,Never,2-4 hours,Learning or studying,2,7,7,6,7,6,7,2,1,3,1,7,7,7,1,3,1,4,1,1,2,1,2,1,6,2,1,4,No,1,4,4,1,"Honesty, Non-harm, Transparency",45 - 54,Man,UK,Other,Self-employed / freelance,4
Yes,5de25e3fce20cd28846a7d5b,Often,2-4 hours,Work tasks,5,5,6,4,4,6,4,5,6,5,6,6,6,5,2,4,1,2,2,2,3,4,4,5,6,6,4,6,No,5,6,6,4,"Responsibility, Non-harm, Accountability",45 - 54,Man,UK,Postgraduate degree,Employed full time,6
Yes,673feeafa80a279f5cc63e33,Sometimes,Less than 2 hours,"Information or research, Learning or studying",3,7,7,6,7,7,7,1,1,1,1,7,7,7,1,1,1,1,4,2,1,1,1,4,7,2,1,3,I am only comfortable using AI for general non life changing questions. ,4,6,3,1,"Non-harm, Accountability, privacy",55 - 65,Woman,US,High school,Employed full time,6
Yes,67291fecd7b792dbe483dc89,Occasionally,Less than 2 hours,"Information or research, Learning or studying",5,6,6,5,7,6,7,6,6,7,4,4,5,5,3,2,2,2,2,2,3,3,3,6,6,7,7,7,None noted,4,7,4,5,"Human wellbeing, Transparency, Accountability",35 - 44,Man,US,Bachelor's degree,Employed full time,6
Yes,60fac7ec133b6bf250d6d668,Very often,2-4 hours,"Information or research, Work tasks",5,6,6,5,5,6,6,3,3,3,3,6,4,6,3,4,3,3,3,4,4,4,2,2,6,6,3,6,"Worries about it taking peoples jobs, being too involved in people's lives, use of personal information by ai companies to control people ",2,5,5,3,"Honesty, Human wellbeing, Transparency",18 - 24,Man,UK,Postgraduate degree,Employed full time,5
Yes,673f6c92a931906b3b255300,Very often,Less than 2 hours,"Information or research, Work tasks, Learning or studying",6,3,2,3,5,3,4,4,1,5,3,7,7,7,1,4,1,3,2,3,4,6,6,6,7,5,2,4,no,5,7,4,5,"Honesty, Fairness, Non-harm",25 - 34,Woman,US,Postgraduate degree,Employed full time,7
Yes,67e73cc7cf25bb683f36f62c,Everyday,7-8 hours,"Information or research, Work tasks, Creative projects, Decision-making, Learning or studying",7,5,2,2,2,6,6,6,6,6,6,2,2,2,6,6,6,6,6,6,6,6,6,6,6,2,4,5,no,6,6,6,6,"Empathy, Non-harm, Transparency",18 - 24,Man,US,Bachelor's degree,Employed full time,5
Yes,63d15a2dccce0705127190e3,Often,2-4 hours,"Information or research, Emotional support or conversation, Decision-making",6,5,5,4,6,5,4,3,2,3,2,5,5,6,2,4,2,3,2,1,3,4,3,7,7,6,6,6,"I use it because it's helpful, though I also hope it gets banned. ",3,6,5,2,"Honesty, Responsibility, Non-harm",25 - 34,Man,UK,High school,Employed full time,2
Yes,662973533159df515afdd606,Never,9-10 hours,none,2,5,6,6,7,7,7,7,7,6,6,6,6,6,3,3,2,3,2,2,3,2,2,3,7,6,6,6,I don't find it useful.,2,6,3,2,"Honesty, Responsibility, Transparency",45 - 54,Woman,US,Bachelor's degree,Employed part-time,5
Yes,677b2ddf057825ce9349c9dd,Often,7-8 hours,"Information or research, Work tasks, Creative projects, Decision-making, Learning or studying",6,2,2,6,7,5,5,4,2,5,6,6,6,6,6,6,6,5,6,5,5,6,6,6,5,5,3,5,"I'm concerned with IT corporations influencing the outcomes of AI to match their business and personal philosophies, as Elon Musk has with Grok. It completely undermines AI as a reliable tool.",5,7,5,6,"Honesty, Human wellbeing, Non-harm",45 - 54,Man,Australia,Some university/college,Self-employed / freelance,6
Yes,63d13c9a4c0601c55747e64c,Often,2-4 hours,"Information or research, Work tasks, Creative projects, Decision-making, Learning or studying",5,3,4,3,7,7,7,1,1,7,4,3,6,6,4,3,3,4,5,5,6,7,7,7,5,3,3,5,No,5,7,2,6,"Honesty, Fairness, Transparency",25 - 34,Woman,UK,Bachelor's degree,Employed full time,7
Yes,660ea65b18972d0e6a14a896,Often,5-6 hours,"Information or research, Creative projects",6,3,3,2,3,5,4,7,6,7,6,7,5,4,3,6,5,3,4,5,7,7,2,6,3,6,2,6,"I think the media grasp quite extreme situations where AI has shown unacceptable behaviour, which may unfairly promote the dangers of AI. I'd never thought look to AI for emetional support, but one day I needed some advice about something that I felt I couldn't reach out to my friends about. AI was extremely insightful and supportive and genuinely helped me through something that I felt really overwhelmed by. ",6,7,2,6,"Fairness, Human wellbeing, Non-harm",55 - 65,Woman,UK,High school,Self-employed / freelance,5
Yes,66640059232bcc6a15b24803,Often,5-6 hours,"Information or research, Emotional support or conversation, Decision-making, Learning or studying",6,7,4,4,7,7,7,1,1,4,3,7,6,1,6,5,5,4,5,6,7,7,4,6,7,6,6,6,None ,4,6,4,5,"Responsibility, Transparency, Accountability",35 - 44,Woman,UK,Bachelor's degree,Employed full time,5
Yes,5c1976c90d57c30001b4162c,Sometimes,More than 12 hours,"Information or research, Learning or studying",5,4,3,4,7,7,4,1,1,7,7,7,4,4,1,4,1,1,1,5,3,7,1,4,5,6,2,3,"ChatGPT makes mistakes, but sounds very confident. Many people believe everything if it sounds confident.",4,7,1,4,"Human wellbeing, Non-harm, Transparency",Over 65,Woman,US,Postgraduate degree,Not currently working,7
Yes,5bbd09effa09af00011edec1,Sometimes,5-6 hours,Work tasks,4,3,4,5,7,5,6,6,6,5,3,6,6,4,5,6,3,4,3,2,5,5,4,6,4,4,3,5,The recent news reports of young people using AI and commiting suicide concerns me a lot,3,5,3,4,"Honesty, Fairness, Human wellbeing",45 - 54,Woman,UK,Postgraduate degree,Employed full time,4
Yes,5c3ebb97b3369c0001a94fea,Often,7-8 hours,"Creative projects, Emotional support or conversation, Entertainment",7,4,4,5,6,5,6,2,1,7,4,7,6,2,6,6,4,1,2,4,2,5,4,4,7,6,4,2,n/a,1,6,7,1,"Fairness, Transparency, Accountability",35 - 44,Woman,US,Bachelor's degree,Employed full time,4
Yes,65de4d54269d8268d0f61618,Everyday,More than 12 hours,"Information or research, Work tasks, Learning or studying, Coding/Scripting",6,5,5,4,6,5,5,5,3,6,2,5,5,6,4,6,3,3,4,6,3,6,6,7,4,4,3,5,I believe that over time newer AI professionals or groups will emerge to set the guardrails in AI effectively as AI adoption becomes more prevalent.,5,6,3,6,"Fairness, Non-harm, Accountability",45 - 54,Man,New Zealand,Bachelor's degree,Employed full time,6
Yes,691254d24126a2f4ea2ee0e9,Everyday,5-6 hours,"Information or research, Work tasks, Decision-making",5,5,4,3,6,4,4,5,5,6,6,6,6,6,3,5,3,3,6,5,5,5,5,6,6,3,4,5, O,4,6,5,5,"Non-harm, Transparency, Accountability",25 - 34,Woman,Australia,Bachelor's degree,Employed part-time,6
Yes,65aafa301d1aa8daf91f5bee,Occasionally,5-6 hours,"Work tasks, Emotional support or conversation, Entertainment",6,5,5,7,7,7,4,3,1,7,5,3,2,2,7,7,6,2,1,6,7,5,5,7,4,6,2,1,"I code, so I know it is good to always make backups and give sandboxed problems for it to solve ðŸ˜¬",4,5,3,5,"Honesty, Empathy, Human wellbeing",25 - 34,Woman,US,Bachelor's degree,Self-employed / freelance,3
Yes,66558ce8a1a2cbf68fdbab18,Often,2-4 hours,"Information or research, Emotional support or conversation, Decision-making",6,2,3,3,2,6,2,4,3,6,4,4,5,4,5,5,5,5,5,6,5,6,5,5,3,6,3,3,No,5,5,4,6,"Honesty, Empathy, Accountability",35 - 44,Man,US,Bachelor's degree,Employed full time,3
Yes,62e023ed4b0fdb8c95a9e47f,Occasionally,5-6 hours,"Information or research, Learning or studying",5,3,3,4,4,5,3,4,4,5,5,2,3,3,2,5,3,4,5,5,4,5,5,6,2,5,2,2,no,6,6,2,6,"Honesty, Transparency, Accountability",55 - 65,Man,UK,Some university/college,Employed full time,7
Yes,5bf7290ed5ec8200015d07e7,Very often,2-4 hours,"Work tasks, Learning or studying",6,4,3,2,4,4,3,4,2,4,3,6,5,6,6,4,4,4,5,4,5,5,5,6,2,6,4,4,It is great for assessing factual data but not human feelings and/or emotions ,5,7,2,4,"Responsibility, Non-harm, Transparency",45 - 54,Man,UK,Bachelor's degree,Employed full time,7
Yes,60197dd14bb8ca09a27e5c3b,Sometimes,7-8 hours,"Information or research, Creative projects, Decision-making, Entertainment, Learning or studying",4,5,5,5,6,5,5,1,1,5,4,5,6,4,3,4,4,4,4,4,5,5,5,5,7,4,3,3,"I am more worried about how many people will be out of work due to ai, now and more so in the future.",4,5,4,2,"Honesty, Fairness, Human wellbeing",55 - 65,Woman,US,Postgraduate degree,Employed full time,5
Yes,5d08077f5826920017833401,Everyday,Less than 2 hours,"Information or research, Work tasks, Entertainment, Learning or studying",7,3,3,4,5,6,3,2,2,4,3,5,3,5,3,6,5,4,4,5,5,5,4,6,2,2,2,2,happy with the current situation.,6,6,6,6,"Fairness, Responsibility, Non-harm",Over 65,Man,UK,Bachelor's degree,Not currently working,7
Yes,6154b537a93b01369670a9f5,Sometimes,9-10 hours,"Information or research, Work tasks",5,6,4,4,7,7,6,1,1,5,1,5,5,7,1,1,1,1,5,3,3,3,1,6,5,6,4,6,No,1,4,5,2,"Responsibility, Non-harm, Transparency",25 - 34,Woman,UK,Bachelor's degree,Employed full time,4
Yes,6781163e42dd9b1176a29412,Sometimes,5-6 hours,"Information or research, Work tasks, Emotional support or conversation",5,3,5,6,3,5,6,4,6,3,6,6,7,3,6,3,4,5,6,7,5,7,6,4,5,6,3,2,Nope,4,6,4,3,"Honesty, Empathy, Human wellbeing",18 - 24,Man,US,Some university/college,Employed part-time,5
Yes,64f3036a5b5f2feae0b1f51b,Occasionally,11-12 hours,Information or research,4,6,7,7,7,7,7,6,7,5,5,2,1,5,4,3,5,5,5,3,6,6,5,4,7,5,2,4,no,6,2,7,2,"Honesty, Non-harm, Transparency",25 - 34,Woman,UK,High school,Self-employed / freelance,4
Yes,631745a70c7c585248df1a5d,Sometimes,2-4 hours,"Information or research, Entertainment, Learning or studying",6,6,7,6,7,7,6,2,1,5,5,4,4,5,5,3,5,5,6,3,5,6,2,6,3,6,2,2,Na,5,4,3,3,"Responsibility, Transparency, Accountability",25 - 34,Man,UK,High school,Employed full time,5
Yes,671b17662b1d319e0578318d,Very often,2-4 hours,"Information or research, Learning or studying",4,5,3,5,7,7,6,7,7,4,1,7,5,4,4,5,3,2,2,3,3,5,5,5,7,7,4,6,No,5,7,5,5,"Responsibility, Human wellbeing, Accountability",35 - 44,Man,UK,Bachelor's degree,Employed full time,7
Yes,60dcbb9b52603d2081d2ecac,Very often,2-4 hours,"Information or research, Entertainment",6,6,6,5,4,6,3,1,1,6,4,7,7,7,3,7,4,2,5,7,7,7,7,4,5,5,3,4, N/a,5,5,3,5,"Honesty, Fairness, Non-harm",45 - 54,Woman,UK,Some university/college,Other,5
Yes,6538e45f20a5ac1ab1c9c8c2,Everyday,Less than 2 hours,"Information or research, Work tasks, Decision-making",6,6,5,3,6,5,5,1,1,6,5,6,6,5,5,4,5,3,5,5,5,4,3,7,6,5,2,5,"I feel pretty safe doing most tasks, but will cross-check with other sources and avoid feeding it personal information.",5,7,5,6,"Fairness, Transparency",35 - 44,Man,Australia,Bachelor's degree,Employed full time,5
Yes,6747603ffa5c374fa8cfbe30,Everyday,5-6 hours,"Information or research, Work tasks, Creative projects, Learning or studying",7,3,3,2,5,7,3,2,2,7,7,6,5,6,5,7,6,7,7,6,6,6,7,7,3,6,2,2,none,6,6,6,6,"Responsibility, Transparency, Accountability",45 - 54,Man,US,Bachelor's degree,Employed full time,5
Yes,66ab42bef7dd185ce15464eb,Very often,5-6 hours,Information or research,5,3,5,3,6,5,4,5,1,7,5,6,4,4,5,7,4,4,3,5,2,3,6,4,3,4,6,3,none,4,3,5,5,"Responsibility, Non-harm, Transparency",45 - 54,Man,US,Bachelor's degree,Not currently working,5
Yes,67074e69ec4f26e98f7d5614,Often,2-4 hours,"Information or research, Learning or studying",5,5,6,4,7,6,5,3,2,1,2,5,6,6,4,4,3,2,3,3,5,5,3,5,6,4,2,3,I worry about AI stealing more and more jobs over time.,5,7,3,5,"Honesty, Human wellbeing, Transparency",25 - 34,Man,US,Some university/college,Not currently working,5
Yes,65ccca52871269168cc029b5,Sometimes,7-8 hours,"Information or research, Work tasks",5,4,4,3,4,7,6,3,1,2,3,6,2,4,2,5,2,2,3,4,1,2,1,5,3,7,1,7,no,3,2,7,3,"Responsibility, Human wellbeing, Transparency",25 - 34,Man,US,Bachelor's degree,Self-employed / freelance,2
Yes,6757069f8e2b810b4fabd66b,Sometimes,5-6 hours,Information or research,5,5,5,5,7,6,7,1,1,5,4,7,7,5,4,4,4,2,5,4,4,4,4,4,7,6,6,6,There need to be more safeguards,4,3,6,1,"Honesty, Transparency",45 - 54,Man,US,Some university/college,Employed part-time,2
Yes,62878aaca0be0ca1e7a3e553,Often,5-6 hours,"Information or research, Creative projects, Emotional support or conversation",5,4,4,4,5,5,6,3,1,7,5,6,6,7,4,6,4,3,5,3,6,6,3,3,7,5,1,4,No,4,6,4,3,"Honesty, Fairness, Transparency",45 - 54,Woman,US,Some university/college,Employed part-time,4
Yes,67d411652ada0a7584b2558e,Everyday,2-4 hours,"Information or research, Work tasks, Emotional support or conversation, Decision-making, Learning or studying",6,6,6,6,6,3,6,4,3,5,4,3,3,2,4,4,6,6,5,5,6,6,5,6,6,5,3,4,nil,5,7,2,5,"Non-harm, Transparency, Accountability",25 - 34,Man,UK,Postgraduate degree,Employed full time,7
Yes,6761a6d6c52de857e31298a1,Rarely,2-4 hours,Information or research,2,5,6,6,6,7,5,6,7,5,4,7,7,6,4,4,4,4,2,4,3,5,5,5,5,6,4,4,No,4,6,2,3,"Honesty, Transparency, Accountability",35 - 44,Woman,UK,Some university/college,Employed full time,6
Yes,6630a9183be166633912f923,Often,9-10 hours,"Information or research, Work tasks, Learning or studying",4,5,5,3,6,6,4,1,1,4,3,5,5,5,2,4,5,3,5,4,5,5,4,4,6,4,3,5,"I keep hearing stories about kids being befriended by AI, confiding in AI, and then being emotionally manipulated by AI in very damaging ways. One child committed suicide. Though rare, the lack of empathy by the billionaires who own these companies,  and the lack of regulation,  is chilling",3,2,7,3,"Human wellbeing, Transparency, Accountability",55 - 65,Woman,US,Postgraduate degree,Employed full time,3
Yes,672e4bec60ab7fbffe5272d5,Very often,More than 12 hours,"Information or research, Work tasks, Creative projects, Decision-making, Learning or studying",6,5,3,5,5,7,6,3,3,7,4,7,7,4,5,7,6,6,5,6,4,6,5,6,6,6,6,6,No,5,6,4,5,"Honesty, Non-harm, Transparency",18 - 24,Man,UK,Bachelor's degree,Employed part-time,6
Yes,671da1682ef34e8259e60339,Often,5-6 hours,"Information or research, Creative projects, Emotional support or conversation, Learning or studying",6,3,2,1,6,6,6,4,1,7,4,5,4,4,6,6,4,3,5,6,7,7,7,6,5,4,1,1,No,6,4,5,6,"Empathy, Human wellbeing, Transparency",35 - 44,Woman,US,Other,Not currently working,1
Yes,6550db1f1f5362bee121a572,Very often,11-12 hours,"Information or research, Work tasks, Decision-making, Learning or studying",5,6,5,4,7,6,6,3,4,5,5,6,6,4,2,2,2,2,6,2,1,5,3,2,7,2,6,6,No thanks,2,5,6,3,"Human wellbeing, Transparency, Accountability",35 - 44,Man,US,High school,Employed full time,3
Yes,5b827b0dc762c800014096ce,Often,5-6 hours,"Information or research, Work tasks, Creative projects",6,4,2,2,2,6,3,5,3,7,4,5,4,3,3,4,3,3,7,5,5,6,3,4,6,5,2,5,no,3,6,5,2,"Honesty, Fairness, Human wellbeing",35 - 44,Woman,UK,Postgraduate degree,Employed part-time,5
Yes,5dd9e1e0a4aa2696d9a15c0d,Sometimes,2-4 hours,"Information or research, Entertainment, Learning or studying",6,3,3,4,6,4,2,2,1,3,4,5,5,6,2,3,2,3,4,4,5,4,2,4,6,3,6,4,It is very powerful and must be handled with care.,4,6,3,3,"Honesty, Human wellbeing, Transparency",55 - 65,Man,US,Bachelor's degree,Employed part-time,4
Yes,66b410222681531f50b06b85,Occasionally,5-6 hours,"Information or research, Learning or studying",7,7,7,7,7,7,7,2,1,4,2,7,7,7,4,6,7,7,1,1,2,2,1,1,5,7,6,7,"I do not trust the people who create the AI, program the AI, or train the AI. And I don't think anyone should trust those corporations to do what's right. It's not just the AI that we need to worry about, it's those people who were using the AI against us for their benefit.",1,6,4,1,"Honesty, Non-harm, Transparency",35 - 44,Man,US,Bachelor's degree,Employed full time,6
Yes,6507b0bf6c158dca2bfde795,Occasionally,7-8 hours,Information or research,5,5,6,7,3,7,4,5,2,4,2,5,6,7,2,1,1,2,3,4,4,5,2,5,6,6,4,6,"I am more concerned how AI may be used the future for malicious purposes. As AI gets better and better, we as humans may find it harder and harder to distinguish what may be real or fake.",5,3,5,3,"Honesty, Responsibility, Transparency",25 - 34,Man,Australia,Bachelor's degree,Employed part-time,6
Yes,67c7e906ab1a683b3928476b,Sometimes,11-12 hours,"Information or research, Emotional support or conversation, Decision-making",6,5,7,5,7,5,6,5,3,6,5,6,7,6,6,6,5,5,6,7,5,6,5,7,7,6,7,4,No,4,6,7,6,"Honesty, Responsibility, Non-harm",25 - 34,Woman,Canada,Bachelor's degree,Self-employed / freelance,6
Yes,5e27fdd75ade0ba21df12828,Very often,5-6 hours,Work tasks,6,5,4,3,4,5,6,6,1,6,6,4,1,6,4,5,3,5,7,7,5,3,4,5,3,6,2,6,no,4,6,2,5,"Honesty, Fairness, Transparency",55 - 65,Man,UK,High school,Self-employed / freelance,6
Yes,5c3e4e336d874c0001bdc471,Everyday,9-10 hours,"Information or research, Work tasks, Creative projects, Learning or studying",6,3,3,2,3,5,5,4,3,2,6,5,5,3,1,2,6,6,3,6,3,2,3,6,7,5,2,5,Collecting my personal information,3,6,2,5,Transparency,45 - 54,Man,UK,Postgraduate degree,Employed part-time,6
Yes,63ced9adadc38e1acc2b58b6,Very often,2-4 hours,"Information or research, Work tasks, Learning or studying",6,4,4,5,2,4,6,3,2,6,3,5,5,6,1,3,1,3,4,5,3,3,2,6,3,5,4,6,No,4,5,2,4,"Responsibility, Non-harm, Transparency",45 - 54,Woman,UK,Bachelor's degree,Employed full time,6
Yes,6725c4a8e3ab0787551acf38,Sometimes,2-4 hours,Information or research,4,4,6,3,7,7,7,1,1,3,2,5,6,6,1,1,2,2,4,4,2,5,4,6,5,6,4,5,No,3,6,4,5,"Honesty, Non-harm, Accountability",55 - 65,Woman,UK,High school,Employed part-time,6
Yes,65a708e73e47380843931ad8,Very often,5-6 hours,"Information or research, Work tasks, Creative projects, Decision-making",6,4,4,4,6,5,6,4,2,6,4,3,5,5,3,5,3,3,4,5,4,3,3,4,5,6,2,5,"AI is incredibly exciting and frightening simultaneously. It seems that there may be instances where AI is acting independently, which should be of concern. It is important to have all hands on deck to understand AI fully. ",4,6,2,4,"Human wellbeing, Transparency, Accountability",55 - 65,Woman,US,Postgraduate degree,Employed full time,7
Yes,6539185ae1c6f8b919b85f12,Everyday,11-12 hours,"Emotional support or conversation, Entertainment",5,6,5,4,7,4,6,4,2,5,4,3,5,4,6,5,2,6,4,4,7,6,4,2,7,5,1,4,Nothing to share.,3,3,6,3,"Honesty, Responsibility, Transparency",18 - 24,Woman,Australia,Less than high school,Employed part-time,3
Yes,5e7ef67e6690425cddb787d6,Rarely,5-6 hours,"Information or research, Decision-making",4,5,5,4,7,6,7,5,7,4,3,5,5,5,7,6,6,6,3,4,3,3,5,6,4,4,4,3,none,3,6,5,2,"Fairness, Responsibility, Accountability",35 - 44,Woman,UK,Bachelor's degree,Employed full time,5
Yes,5c1739ec6d1ac90001031c00,Occasionally,5-6 hours,"Information or research, Creative projects, Entertainment",4,6,5,4,6,6,3,2,6,3,3,5,3,4,4,4,5,6,1,4,3,4,4,4,6,7,5,5,"I'm wary of current generative AIs particularly LLMs, with issues such as hallucination and other unpredictable errors, and risks inherent in human interaction with chatbots etc. (see e.g. the ""Eliza Effect"" for a classic but still relevant example predating modern AI, but the risks now are more complex and extensive than that).  I'm confident that technology will continue improving, but I'm also concerned that some types of risks could actually expand, even with efforts to mitigate risks.  I'm torn between optimistic and pessimism about the future of AI influencing essentially all aspects of human life.  I'm also concerned about other unresolved AI-related issues such as growing resource and energy usage.",2,6,2,3,"Transparency, Accountability, I have a too strong an inclination to select more than 3 of the most important criteria here.  We need Accountable and Transparent and what I'd call Reliable AI, insofar as possible, and we also need to prioritize non-harm and human well-being and even environmental well-being, and we need robust Ethical Frameworks and Guardrails, etc. - ALL of these and more are going to be very important indeed.",55 - 65,Man,US,Bachelor's degree,Self-employed / freelance,7
Yes,668dc78c1b388adf48d7f329,Often,2-4 hours,"Information or research, Work tasks, Creative projects",6,6,2,2,4,7,7,1,1,4,2,7,7,4,4,3,1,3,4,3,5,6,1,2,6,5,3,3,As long as it is kept under our (human) control it should be fine.,2,4,4,4,"Honesty, Human wellbeing, Non-harm",45 - 54,Woman,US,Postgraduate degree,Self-employed / freelance,4
Yes,662943e28130e7eb5f034326,Everyday,7-8 hours,"Information or research, Work tasks, Creative projects",6,7,5,5,7,7,7,3,1,6,4,6,6,6,5,6,4,4,6,5,3,5,5,5,5,7,5,7,Private data shouldn't be mined ,4,5,6,5,"Honesty, Fairness, Transparency",45 - 54,Woman,US,Postgraduate degree,Self-employed / freelance,5
Yes,5eb162b0dc71ec243a783edc,Rarely,2-4 hours,"Information or research, Entertainment",2,6,6,5,7,5,7,2,1,4,3,6,4,6,1,1,3,3,1,1,2,4,3,5,7,6,1,7,no,4,7,1,4,"Human wellbeing, Non-harm, Transparency",45 - 54,Woman,UK,Some university/college,Not currently working,7
Yes,5eeb2b8a36774c27657f227c,Often,2-4 hours,"Work tasks, Entertainment",5,5,5,4,5,7,5,6,1,6,4,6,6,6,1,6,5,5,4,4,6,6,5,7,7,3,1,6,No,3,7,6,4,"Honesty, Human wellbeing, Non-harm",45 - 54,Woman,UK,Bachelor's degree,Employed full time,3
Yes,65bff5ce2c3df3a5127fa462,Everyday,7-8 hours,"Information or research, Work tasks, Decision-making, Learning or studying",6,5,4,3,3,4,2,3,3,4,6,5,6,4,4,4,5,4,3,6,6,6,6,7,7,3,2,5,no,5,3,4,5,"Honesty, Responsibility, Transparency",18 - 24,Man,US,Some university/college,Student,4
Yes,65a7027c88eae2b9a68ae596,Everyday,9-10 hours,"Information or research, Work tasks, Learning or studying",5,4,3,4,5,6,4,4,3,5,3,6,7,6,2,5,2,3,6,6,6,6,5,6,5,6,4,6,I think AI can be so positive and hopefully it keeps doing good things and not fall into the wrong hands with wrong intentions.,6,6,3,6,"Honesty, Fairness, Respect",45 - 54,Woman,US,Bachelor's degree,Employed full time,5
Yes,60ca846ffad77e5b1fee110a,Everyday,9-10 hours,"Information or research, Work tasks, Creative projects, Emotional support or conversation, Decision-making, Entertainment, Learning or studying, Life advice, life decisions, research, academic validity",6,2,2,1,2,6,7,7,7,6,6,4,4,2,4,5,6,6,6,2,6,5,6,7,7,7,2,6,#swag,7,5,7,7,"Responsibility, Human wellbeing, Transparency",25 - 34,Man,US,Bachelor's degree,Employed full time,4
Yes,676f8b5b07242dc7cacc43cc,Often,7-8 hours,"Information or research, Creative projects, Emotional support or conversation, Decision-making, Entertainment, Learning or studying",7,5,6,5,6,2,6,5,6,6,6,5,6,5,6,5,5,5,3,5,5,5,5,5,5,5,5,5,nil,6,7,6,7,"Honesty, Responsibility, Transparency",45 - 54,Man,US,Postgraduate degree,Employed full time,7
Yes,655b66a54fed8fea8a342e40,Often,2-4 hours,Information or research,4,7,7,5,6,6,6,3,1,5,2,6,5,7,2,3,1,2,1,1,2,2,3,3,6,6,4,5,Nothing to add,2,7,2,5,"Responsibility, Transparency, Accountability",35 - 44,Man,Australia,Bachelor's degree,Employed full time,7
Yes,678e105cad94a580e7a4a432,Sometimes,More than 12 hours,"Information or research, Creative projects, Entertainment",4,7,4,7,7,7,5,1,1,4,1,4,7,7,7,4,4,4,7,7,4,7,4,4,7,7,5,5,No,4,7,4,4,"Honesty, Responsibility, Non-harm",25 - 34,Woman,US,High school,Employed full time,7
Yes,613afc31d2a071e24ab917fb,Everyday,7-8 hours,"Information or research, Work tasks, Emotional support or conversation, Entertainment, Learning or studying",5,7,7,7,7,7,6,1,1,4,4,6,6,6,6,6,5,4,5,1,6,6,5,5,7,7,2,6,"Nothing I can think of, thank you!",2,4,4,3,"Fairness, Human wellbeing, Transparency",35 - 44,Woman,US,Bachelor's degree,Employed full time,2
Yes,5e204990b062543612e9a254,Sometimes,7-8 hours,"Information or research, Decision-making, Entertainment, Learning or studying",5,3,2,3,6,5,5,5,6,4,4,5,4,5,2,4,5,5,3,3,5,4,5,5,6,3,3,4,No,3,5,5,3,"Human wellbeing, Non-harm, Transparency",25 - 34,Woman,UK,High school,Employed full time,4
Yes,63c537c9a41b35f4c481f9d2,Often,2-4 hours,"Information or research, Work tasks, Creative projects, Decision-making",6,5,5,6,7,6,6,2,1,4,2,6,6,6,1,2,1,2,5,5,5,5,5,6,5,6,3,5,N'A,3,6,3,5,"Fairness, Responsibility, Accountability",35 - 44,Woman,Australia,Postgraduate degree,Employed part-time,5
Yes,67ca186a24b457bfdaaf46cb,Very often,7-8 hours,"Information or research, Work tasks, Decision-making, Learning or studying",7,6,5,5,6,6,7,5,2,5,3,6,6,6,3,5,3,2,4,6,5,6,3,6,5,6,4,4,NO.,4,6,5,6,"Honesty, Fairness, Human wellbeing",35 - 44,Man,US,Postgraduate degree,Employed full time,6
Yes,64dfec02358d4f48cbe8f4b8,Very often,2-4 hours,"Information or research, Creative projects, Learning or studying",5,6,6,5,5,5,7,1,2,6,1,4,2,4,5,7,2,5,6,6,5,6,1,7,6,5,4,4,Information cross among people ,5,6,6,4,"Respect, Responsibility, Non-harm",35 - 44,Woman,New Zealand,Bachelor's degree,Self-employed / freelance,6
Yes,66b6db15c6d2de568db5b059,Sometimes,2-4 hours,"Information or research, Decision-making, Learning or studying",6,4,3,2,5,6,6,2,1,6,2,7,3,6,3,5,2,5,5,2,5,4,3,5,6,5,7,6,no,6,7,5,4,"Honesty, Human wellbeing, Non-harm",25 - 34,Man,US,Some university/college,Employed full time,6
Yes,622ab357bb3af819f2e5df3b,Very often,7-8 hours,"Information or research, Work tasks, Decision-making, Entertainment, Learning or studying",7,3,4,6,7,7,5,3,1,7,2,7,7,7,5,7,3,6,7,7,6,5,6,6,7,6,5,2,I only share information I feel comfortable with and I never share private information.,6,7,5,6,"Honesty, Respect, Non-harm",55 - 65,Man,US,Bachelor's degree,Employed part-time,6
Yes,645519734d7840875c6dd86e,Often,7-8 hours,"Information or research, Work tasks",6,4,6,4,6,7,3,6,4,6,2,3,2,5,4,4,3,4,6,3,3,5,4,7,3,3,6,5,AI is just another version of Google and other social media having your data,1,7,4,6,"Honesty, Transparency, Accountability",25 - 34,Man,Australia,Bachelor's degree,Employed full time,6
Yes,668995230e63dee5f0165681,Often,5-6 hours,"Information or research, Work tasks, Entertainment, Learning or studying",4,4,2,3,6,4,6,2,1,5,4,4,3,5,6,5,5,6,6,7,5,7,6,5,1,3,1,2,No,6,7,2,5,"Honesty, Respect, Accountability",25 - 34,Woman,UK,Bachelor's degree,Employed part-time,5
Yes,67cfeddb9f4b04d789ca82bd,Very often,9-10 hours,"Information or research, Work tasks, Creative projects",7,2,2,4,4,7,7,3,1,7,6,6,5,7,6,5,5,4,7,6,3,5,4,4,7,4,4,7,Not really,4,4,4,4,"Human wellbeing, Non-harm, Transparency",25 - 34,Man,US,Bachelor's degree,Employed full time,4
Yes,6928c1660c7505b731fd335b,Everyday,5-6 hours,"Information or research, Work tasks",4,7,6,6,7,6,7,2,3,5,4,6,5,7,2,2,7,5,6,5,3,1,3,5,5,5,3,6,"I feel that in the early stages of AI what we are experiencing is an over reliance on the convenience factor of AI, at the expense of rigorous testing and optimization that would result in less risk and more safety. ",3,5,7,4,"Fairness, Non-harm, Transparency",25 - 34,Man,Canada,Some university/college,Other,6
Yes,648ccd2afd3b0807d6553e5b,Everyday,11-12 hours,"Information or research, Work tasks, Creative projects, Emotional support or conversation, Decision-making, Entertainment, Learning or studying",6,5,4,3,4,7,3,3,7,2,7,6,7,4,6,7,7,3,7,7,6,5,3,5,7,5,3,3,I am a bit fearful of when AI gains a more... PHYSICAL presence....,4,5,5,4,"Honesty, Empathy, Non-harm",25 - 34,Man,New Zealand,Bachelor's degree,Employed full time,4
Yes,672c7f537c4a19882d6f9e15,Sometimes,2-4 hours,"Information or research, Work tasks, Creative projects",7,2,1,2,3,1,2,7,6,7,4,2,7,2,7,6,4,7,7,2,7,6,5,7,3,2,3,2,n/a,7,6,7,6,"Honesty, Empathy, Transparency",25 - 34,Man,US,Postgraduate degree,Employed full time,7
Yes,5eca46c6c1e2c601290bab15,Everyday,Less than 2 hours,Creative projects,7,3,6,5,6,6,7,2,3,7,4,5,5,3,3,4,2,4,2,6,5,5,5,4,5,6,4,2,no,5,7,1,6,"Honesty, Transparency",55 - 65,Man,UK,Bachelor's degree,Self-employed / freelance,6
Yes,5dd71029c944d16b0668c95f,Very often,9-10 hours,"Information or research, Creative projects, Entertainment, Learning or studying",5,5,3,3,6,5,5,5,2,5,4,4,7,3,5,6,3,3,5,5,6,5,5,2,6,6,3,3,no,5,4,4,3,"Fairness, Human wellbeing, Transparency",25 - 34,Woman,UK,High school,Employed part-time,3
Yes,671bbaf1bec15d847b871b9b,Everyday,7-8 hours,"Information or research, Learning or studying",7,4,3,2,7,7,4,5,3,6,1,7,6,6,4,7,4,6,4,3,6,7,7,6,7,7,6,7,Not at the moment.,6,7,5,6,"Empathy, Responsibility, Accountability",25 - 34,Man,US,Bachelor's degree,Employed full time,7
Yes,59e7232f24d7bf00012f112e,Very often,More than 12 hours,"Work tasks, Creative projects, Learning or studying",6,4,3,5,5,7,7,1,1,5,1,7,7,7,4,3,2,6,1,1,4,7,7,7,4,7,7,7,Nope,5,6,5,4,"Fairness, Non-harm, Transparency",35 - 44,Man,UK,Bachelor's degree,Employed full time,4
Yes,67ae36e6472072f99199d636,Sometimes,More than 12 hours,"Information or research, Creative projects, Decision-making, Entertainment, Learning or studying",6,3,3,2,2,6,6,6,3,6,2,5,6,4,5,6,3,5,3,5,6,6,4,6,2,5,2,2,"I believe with the present state of technology, AI would keep improving to understand how human thinks and maybe someday fully understand human emotions, I won't see it as a risk though. I feel it would be safe",6,6,2,6,"Honesty, Human wellbeing, Transparency",25 - 34,Woman,Canada,Postgraduate degree,Employed full time,6
Yes,67a53d10038521c86950954c,Often,Less than 2 hours,"Information or research, Work tasks, Learning or studying",6,2,4,4,4,3,3,3,3,5,5,2,2,3,5,5,5,3,5,6,5,2,2,2,6,5,2,5,no,5,6,6,5,"Honesty, Respect, Responsibility",18 - 24,Man,US,Some university/college,Student,7
Yes,5e5012ec47808406305d6a0d,Often,7-8 hours,"Information or research, Decision-making, Entertainment",7,3,2,2,2,2,1,1,1,7,4,7,7,4,4,7,4,1,4,3,7,7,5,7,5,4,3,7,NO,7,7,1,5,"Honesty, Responsibility, Transparency",55 - 65,Man,UK,Bachelor's degree,Employed full time,7
Yes,5a8895f0f1408d0001769b7b,Sometimes,7-8 hours,"Information or research, Entertainment, Learning or studying",6,5,6,4,7,6,5,4,6,2,2,7,7,4,1,3,3,1,4,1,2,3,2,5,6,6,4,5,no,2,1,6,1,"Empathy, Fairness, Human wellbeing",25 - 34,Woman,US,Bachelor's degree,Not currently working,2
Yes,5c6709ab926a5b0001eb29c1,Everyday,11-12 hours,"Information or research, Work tasks, Creative projects, Decision-making, Learning or studying",6,5,4,4,3,5,5,6,4,4,5,3,3,3,5,5,5,4,3,4,6,6,6,6,1,5,3,3,N/A,5,6,7,7,"Fairness, Human wellbeing, Transparency",35 - 44,Woman,US,Some university/college,Employed full time,4
Yes,668a6f07c623b9b9500b962f,Everyday,7-8 hours,"Information or research, Creative projects, Emotional support or conversation, Decision-making, Entertainment",7,2,3,2,1,2,4,3,2,4,3,2,2,2,3,6,6,6,6,6,6,6,6,6,7,6,2,2,"I avoid talking about politics and other sensitive or controversial topics with AI because they are programmed to be politically correct instead of honest about such topics. They generally go with whatever is the establishment position or politically correct position, such as saying the covid vaccine is safe and effective and that it helped millions of people when it actually didn't help anyone and it's a bioweapon. Most of the time I can decide for myself whether AI is right or wrong. Sometimes I check with other sources. ",6,7,1,6,"Honesty, Empathy, Human wellbeing",55 - 65,Man,US,Some university/college,Self-employed / freelance,5
Yes,67c2a81bab1b3861a0c75294,Rarely,7-8 hours,"Information or research, Learning or studying",4,6,6,5,6,7,6,3,1,3,3,6,7,4,4,4,5,5,5,3,4,5,4,5,6,6,6,6,No,4,5,4,2,"Honesty, Human wellbeing, Non-harm",18 - 24,Woman,Canada,Bachelor's degree,Employed full time,5
Yes,672e27b3a0c448dc9387c7c9,Often,7-8 hours,"Information or research, Work tasks, Creative projects, Decision-making, Learning or studying",6,5,3,3,5,5,3,4,6,3,3,5,5,2,5,4,5,3,3,3,5,5,3,6,5,6,3,4,N/A,5,5,3,5,"Respect, Responsibility, Transparency",25 - 34,Man,US,Postgraduate degree,Employed full time,5
Yes,5df39c6805620526e328a329,Occasionally,2-4 hours,"Information or research, Work tasks, Creative projects, Learning or studying",6,5,4,3,5,5,5,5,5,4,4,6,6,4,4,4,4,4,3,4,4,4,4,4,5,6,5,4,no,4,6,5,4,"Honesty, Empathy, Transparency",25 - 34,Woman,US,High school,Employed part-time,6
Yes,61030ea0fd598c32549577b8,Rarely,More than 12 hours,"Work tasks, Text summarises and formatting ",7,7,7,6,7,7,6,6,1,6,5,7,7,7,1,5,1,1,1,1,1,5,5,4,7,7,7,7,Other people's use is a risk. I've had to fire people who rely on AI but don't understand what they are trying to achieve. ,2,7,2,1,"Responsibility, Transparency, Accountability",35 - 44,Man,UK,Bachelor's degree,Employed full time,7
Yes,6668de75d8252aa5a9b0526c,Very often,5-6 hours,"Information or research, Decision-making",5,5,3,1,7,5,5,1,1,3,4,5,7,5,1,2,3,3,3,5,1,3,1,7,7,6,2,6,AI tools need better safety measures in place to identify individuals with mental health crisis and redirect them to the appropriate resources where they can be helped. AI â€œcompanionsâ€ should not be offering life-altering or psychological advice to these individuals.,1,7,3,2,"Empathy, Responsibility, Non-harm",45 - 54,Woman,Canada,Some university/college,Employed part-time,7
Yes,6773ddcd48e01d9519ede71e,Very often,11-12 hours,"Information or research, Work tasks, Creative projects, Decision-making, Learning or studying",4,5,5,5,6,5,5,5,5,4,5,6,5,3,3,3,3,1,4,3,5,5,4,3,7,5,5,5,I don't trust it very much at all but it can be useful sometimes,3,6,5,2,"Honesty, Fairness, Respect",35 - 44,Man,UK,Bachelor's degree,Self-employed / freelance,3
Yes,682a1996cd2cfa1f1160cb71,Everyday,5-6 hours,"Information or research, Work tasks, Creative projects, Decision-making, Learning or studying",7,2,2,1,2,7,2,7,1,7,1,7,7,5,2,7,6,6,2,5,7,7,7,7,7,5,3,6,no,7,7,7,7,"Honesty, Fairness, Transparency",35 - 44,Man,US,Some university/college,Employed full time,6
Yes,5f494c1ba043204912fb6be1,Often,7-8 hours,"Work tasks, Creative projects, Decision-making, Entertainment",4,5,5,5,6,4,5,5,5,5,5,5,4,5,6,4,3,5,5,4,5,4,4,5,4,6,6,5,No,6,5,4,5,"Honesty, Empathy, Transparency",25 - 34,Woman,US,Bachelor's degree,Employed full time,4
Yes,659583e0d5fab84895bfac7c,Occasionally,More than 12 hours,Information or research,6,5,2,2,7,3,7,3,1,7,1,6,5,2,2,5,5,1,6,6,1,6,4,5,7,5,5,6,I think AI should be regulated in a manner that protects younger individuals from accessing it,5,5,3,3,"Honesty, Fairness, Non-harm",35 - 44,Man,Ireland,High school,Employed part-time,6
Yes,5ed9c3054268815691ed0e2c,Often,2-4 hours,"Information or research, Work tasks, Decision-making, Learning or studying",5,5,3,3,2,4,3,5,3,6,3,5,4,5,5,6,5,4,5,5,6,5,5,6,3,5,3,4,none,5,4,3,5,"Honesty, Human wellbeing, Non-harm",35 - 44,Man,US,High school,Self-employed / freelance,5
Yes,63174af7d57182f9bf90c094,Sometimes,5-6 hours,"Information or research, Learning or studying",5,3,4,4,7,6,4,4,5,3,4,5,6,5,3,5,5,5,4,3,3,6,4,6,6,6,4,6,N/A,4,6,2,4,"Fairness, Human wellbeing, Non-harm",45 - 54,Man,UK,Bachelor's degree,Employed full time,6
Yes,6635ec373cc9a46db56d6832,Often,2-4 hours,"Information or research, Learning or studying",6,6,5,5,5,6,6,5,5,2,3,6,6,7,6,6,5,4,3,4,6,6,4,5,4,4,6,5,No,5,6,3,4,"Honesty, Non-harm, Accountability",45 - 54,Man,UK,Bachelor's degree,Employed full time,5
Yes,67448035804444614abdcc6c,Everyday,5-6 hours,"Information or research, Emotional support or conversation, Decision-making, Learning or studying",7,6,6,7,6,3,6,3,2,6,4,6,5,5,6,4,5,6,6,7,6,7,7,6,6,3,3,3,none,6,7,6,7,"Fairness, Transparency, Accountability",25 - 34,Man,UK,Bachelor's degree,Employed full time,6
Yes,67c78fbc58d20f4b7fe41479,Everyday,9-10 hours,"Information or research, Work tasks, Decision-making",6,6,5,6,6,6,5,5,6,6,5,5,6,5,6,5,6,5,5,6,5,6,5,5,6,3,5,6,AI need to consider privacy concerns on uploaded data,5,6,5,6,"Honesty, Empathy, Fairness",35 - 44,Man,US,Postgraduate degree,Employed full time,6
Yes,65dd6ca1a06e762a792e26f2,Often,7-8 hours,"Work tasks, Emotional support or conversation",5,4,5,2,3,4,2,4,3,6,3,3,5,3,3,4,1,4,3,5,3,6,3,4,3,2,4,2,no,3,6,2,3,"Responsibility, Non-harm, Accountability",18 - 24,Man,Canada,Bachelor's degree,Self-employed / freelance,4
Yes,644b1e452a0061d713dcbf4a,Rarely,More than 12 hours,writing tasks,5,3,6,5,5,5,5,4,1,5,5,6,6,5,3,5,5,5,5,5,3,5,5,4,6,5,5,5,no,5,6,3,5,"Empathy, Human wellbeing, Non-harm",45 - 54,Man,US,Some university/college,Self-employed / freelance,4
Yes,5680383ac5767f000d1c7e77,Often,5-6 hours,"Information or research, Creative projects, Decision-making",6,7,5,4,6,7,6,3,1,4,3,5,4,4,3,5,4,3,5,5,6,6,5,5,6,5,3,5,no,3,5,6,3,"Honesty, Respect, Responsibility",45 - 54,Woman,UK,Some university/college,Self-employed / freelance,5
Yes,5c84dad0008ebf0016f5f768,Rarely,2-4 hours,Information or research,3,4,4,4,4,4,4,3,1,4,1,7,7,6,2,4,4,2,1,1,6,6,5,7,1,4,4,7,No,5,7,2,5,"Honesty, Non-harm, Transparency",55 - 65,Woman,UK,High school,Other,2
Yes,665a5763b655a078b9cfe5a9,Very often,5-6 hours,"Information or research, Work tasks, Entertainment, Learning or studying",6,3,2,4,4,6,4,5,4,7,6,5,6,3,2,6,2,6,6,6,4,4,6,7,6,7,1,2,No,5,7,4,7,"Fairness, Non-harm, Transparency",35 - 44,Man,UK,Postgraduate degree,Employed full time,6
Yes,59639f380b835400010a797c,Occasionally,2-4 hours,Information or research,4,5,7,5,7,5,7,1,1,3,3,5,6,4,7,7,7,6,2,3,4,4,2,4,5,6,5,5,I have nothing else to share.,4,2,5,3,"Honesty, Non-harm, Transparency",35 - 44,Woman,US,High school,Employed full time,4
Yes,6913b8f9cbdbc9ac1c00ce76,Everyday,2-4 hours,Information or research,6,3,3,5,6,4,5,5,4,6,4,4,4,5,4,5,2,3,4,5,5,3,4,5,6,5,3,4,No,4,5,5,4,"Honesty, Non-harm",55 - 65,Woman,Canada,Bachelor's degree,Employed part-time,6
Yes,5cafa18010247600178ad27a,Everyday,2-4 hours,Work tasks,6,2,2,6,1,6,1,3,2,5,5,3,6,4,6,5,4,2,5,5,4,5,2,5,7,6,6,6,mainly ai related scams are scary.,4,5,4,5,"Human wellbeing, Non-harm, Accountability",35 - 44,Man,Canada,Bachelor's degree,Employed full time,6
Yes,5c9e74d8dae4e80016bef814,Very often,7-8 hours,"Information or research, Work tasks, Emotional support or conversation, Learning or studying",5,6,6,5,5,6,4,5,5,5,5,6,5,4,3,3,4,4,4,5,5,4,4,2,6,6,2,3,No,4,5,5,6,"Fairness, Respect, Human wellbeing",35 - 44,Woman,UK,Bachelor's degree,Employed full time,4
Yes,60fdab5109f28669ffadb847,Often,Less than 2 hours,"Information or research, Work tasks, Learning or studying",5,4,4,4,5,7,4,3,1,5,3,5,5,6,5,5,4,4,2,3,4,4,4,7,3,4,3,5,N/A,5,7,4,5,"Honesty, Fairness, Transparency",25 - 34,Woman,UK,Bachelor's degree,Employed full time,6
Yes,57d8de67011c350001353afe,Occasionally,5-6 hours,Work tasks,5,5,3,3,5,5,3,5,1,7,6,5,5,6,1,5,1,5,4,4,2,5,5,4,6,5,1,1,"I have only used AI to help in writing for work or generating social media campaigns, so I've never felt any risk in these situations",5,6,4,3,"Responsibility, Human wellbeing, Transparency",Over 65,Woman,UK,Postgraduate degree,Self-employed / freelance,6
Yes,66a1d3a6ff6d119c30eff77b,Occasionally,5-6 hours,Entertainment,4,7,6,5,7,7,5,4,1,6,4,6,6,4,1,4,1,1,1,2,2,5,4,3,4,5,4,7,The potential for abuse is very high and can very easily be used to cause harm to others in addition to exacerbating mental health issues in people.,1,6,5,1,"Honesty, Responsibility, Transparency",35 - 44,Woman,US,Bachelor's degree,Employed full time,3
Yes,5c4782d9cae0ab000188d2b4,Very often,9-10 hours,"Information or research, Work tasks, Creative projects, Emotional support or conversation, Entertainment",6,5,4,5,5,5,4,3,2,7,4,6,5,4,5,6,4,4,5,5,5,6,5,6,4,7,3,4,"I think common sense should prevail when using AI but I am far more worried about people with bad intentions mis-using AI and causing harmful, nefarious intentions with it. I know the parameters are set to avoid this but I think people will always look for ways around the rules",5,6,4,5,"Respect, Non-harm, Transparency",45 - 54,Woman,UK,Some university/college,Employed part-time,6
Yes,6902f9a078a8658ce0d540d5,Everyday,11-12 hours,Work tasks,2,7,4,6,7,6,7,1,1,1,1,6,6,6,1,1,1,1,3,4,2,2,1,3,7,4,4,6,No,2,4,6,2,"Empathy, Non-harm, Accountability",35 - 44,Man,New Zealand,Bachelor's degree,Employed full time,5
Yes,676e8422294dd6823d5f77e3,Sometimes,11-12 hours,"Information or research, Work tasks",5,4,4,4,6,6,6,3,4,6,6,6,6,5,3,4,3,3,4,4,4,4,4,5,4,6,3,6,no,5,5,5,4,"Honesty, Transparency, Accountability",55 - 65,Woman,UK,Postgraduate degree,Employed full time,2
Yes,677b8e386966144d94556597,Often,2-4 hours,"Information or research, Work tasks",5,4,4,2,4,6,3,6,4,6,5,7,6,6,4,7,3,6,5,7,4,5,6,7,5,6,4,6,no,5,7,4,5,"Honesty, Transparency, Accountability",45 - 54,Man,UK,Bachelor's degree,Employed full time,5
Yes,6410e763dc2f2726ac16ee05,Often,7-8 hours,"Information or research, Work tasks, Decision-making, Learning or studying",6,6,5,4,7,6,7,1,1,6,4,6,5,7,3,4,6,4,4,7,4,6,4,7,4,7,2,5,"I run my own , local Home Remodeling business.  I know to prioritize human oversight, transparent governance, and training to harness gains without complacency on hallucinations or cyber vulnerabilities. Overall, balanced adoption with safeguards feels pragmatic for  my small business",5,7,5,6,"Responsibility, Transparency, Accountability",45 - 54,Man,US,Some university/college,Employed full time,6
Yes,5d11dd0790265e00019ba937,Often,5-6 hours,"Work tasks, Entertainment",5,3,2,2,3,6,3,5,5,6,5,4,3,5,6,6,6,5,6,6,5,6,6,7,2,4,2,3,None that I can think of,5,6,2,5,"Empathy, Human wellbeing, Transparency",45 - 54,Man,UK,High school,Employed full time,3
Yes,6151556ef73ba765c7ff55f6,Everyday,5-6 hours,"Information or research, Work tasks, Learning or studying",6,4,3,3,2,3,4,3,6,2,6,5,4,4,3,4,3,4,5,6,5,6,6,6,3,3,3,3,nothing else to add right now. Thank You,5,6,6,5,"Empathy, Fairness, Respect",35 - 44,Man,UK,Bachelor's degree,Employed full time,6
Yes,6786cd9fca3e75e900edbd1c,Occasionally,7-8 hours,"Information or research, Work tasks, Creative projects",6,6,5,5,5,5,5,5,6,6,6,1,1,2,6,6,6,6,6,7,6,7,7,6,6,7,7,4,no tat all,6,7,6,6,"Honesty, Fairness, Human wellbeing",55 - 65,Woman,US,Bachelor's degree,Employed full time,6
Yes,67d45859360daf1b062c0275,Very often,7-8 hours,"Information or research, Work tasks, Creative projects, Learning or studying",6,1,1,1,1,7,5,6,5,6,6,6,5,5,6,5,6,6,5,6,6,6,6,7,7,7,6,7,not really,6,6,4,6,"Responsibility, Non-harm, Transparency",25 - 34,Woman,UK,Some university/college,Employed full time,7
Yes,5f48e8c79603e33b8f3a3518,Sometimes,5-6 hours,"Information or research, Work tasks",6,5,3,4,6,7,6,2,2,5,1,7,6,7,5,5,1,1,5,5,5,5,5,5,6,4,1,7,no,5,5,3,5,"Honesty, Non-harm, Transparency",35 - 44,Man,Australia,Postgraduate degree,Self-employed / freelance,6
Yes,692b2dc2fabccc75b20df0a8,Everyday,7-8 hours,"Information or research, Work tasks, Emotional support or conversation, Decision-making, Learning or studying",6,4,4,5,7,7,7,1,1,2,2,5,7,5,3,3,1,2,5,4,5,5,5,4,5,4,3,2,No extra comments.,5,4,6,4,"Responsibility, Human wellbeing, Accountability",18 - 24,Woman,Canada,Bachelor's degree,Employed full time,4
Yes,5d2f7fb4bb27200019010768,Sometimes,5-6 hours,"Information or research, Work tasks, Decision-making, Learning or studying",5,3,5,6,2,5,5,2,6,4,2,6,7,7,2,1,5,5,6,5,7,4,5,6,7,6,7,7,NO,3,5,6,5,"Honesty, Responsibility, Transparency",25 - 34,Man,US,Some university/college,Employed full time,4
Yes,62a3be0d93b8dd1e69b4317d,Often,7-8 hours,"Information or research, Entertainment, Learning or studying",5,6,6,4,4,5,4,4,3,7,5,6,6,7,3,5,4,4,2,3,5,4,4,6,2,7,2,4,Not that I can think of,4,7,4,4,"Honesty, Human wellbeing, Non-harm",Over 65,Woman,US,Bachelor's degree,Employed part-time,5
Yes,67efff15d138ad222c1f8bc7,Everyday,5-6 hours,"Work tasks, Creative projects, Emotional support or conversation, Entertainment, Learning or studying",5,3,3,4,4,5,7,5,2,5,4,5,7,6,3,3,1,4,5,5,4,7,5,5,7,6,5,6,N/A,4,5,6,5,"Honesty, Empathy, Fairness",25 - 34,Woman,Canada,Postgraduate degree,Employed full time,4
Yes,669eba3ad8d7d49177bc50d0,Often,7-8 hours,"Information or research, Learning or studying",5,2,3,3,5,5,6,5,6,3,4,6,5,5,2,4,6,3,3,6,4,4,4,6,3,5,2,5,np,5,6,3,6,"Honesty, Non-harm, Transparency",55 - 65,Woman,UK,Bachelor's degree,Not currently working,6
Yes,5a9bcd3f1eda410001366c55,Occasionally,2-4 hours,"Information or research, Decision-making",5,5,4,4,6,5,4,3,6,3,4,5,4,5,4,5,5,4,5,4,5,6,5,7,5,5,4,3,None,4,5,4,3,"Honesty, Responsibility, Non-harm",25 - 34,Woman,UK,Bachelor's degree,Employed full time,4
Yes,5e7a731f1d6961059f834751,Very often,5-6 hours,"Information or research, Work tasks, Creative projects, Emotional support or conversation, Decision-making",6,5,6,7,5,3,6,1,1,7,6,7,6,5,7,7,4,6,3,5,7,7,6,7,1,2,4,6,No ty,5,6,3,5,"Honesty, Human wellbeing, Non-harm",25 - 34,Woman,Canada,Some university/college,Student,4
Yes,607deec383975f3377a28b9e,Occasionally,Less than 2 hours,Information or research,3,5,5,4,6,5,5,4,1,1,1,5,6,7,3,6,6,4,2,5,6,6,5,7,7,2,2,4,No,4,5,5,5,"Honesty, Empathy, Fairness",35 - 44,Woman,UK,High school,Not currently working,5
Yes,5fb281433a31c686f0ec3ecb,Occasionally,5-6 hours,Information or research,4,6,5,5,4,6,5,3,2,3,2,4,4,4,4,3,3,3,4,4,3,3,3,4,3,5,4,4,No,4,4,3,4,"Respect, Responsibility, Accountability",45 - 54,Man,UK,Bachelor's degree,Employed full time,5
Yes,676f730d7b956c6dc4eb2102,Often,5-6 hours,"Information or research, Creative projects, Emotional support or conversation, Decision-making, Learning or studying",5,4,3,4,2,6,5,5,3,5,5,5,6,3,3,5,4,3,2,1,5,5,5,6,4,5,6,6,"AI serves numerous important purposes, However it might need, possibly some regulation around""Use and mis-use..",4,6,2,6,"Honesty, Empathy, Respect",25 - 34,Man,UK,Postgraduate degree,Employed full time,7
Yes,5ebd8a5db01bcc09e09c0a9a,Everyday,More than 12 hours,"Information or research, Emotional support or conversation",6,3,6,4,7,5,3,3,4,7,5,7,7,5,7,7,6,6,5,5,7,7,5,7,7,5,5,5,No,7,6,2,4,"Honesty, Empathy, Human wellbeing",35 - 44,Woman,UK,Some university/college,Employed full time,7
Yes,60fd310fff5b2600c9d95554,Occasionally,2-4 hours,"Information or research, Creative projects",6,5,4,3,3,5,5,4,3,6,5,6,4,3,6,5,4,5,5,5,4,6,6,4,6,2,4,2,I try not to use it too much,5,6,7,4,"Honesty, Empathy, Non-harm",25 - 34,Woman,UK,Some university/college,Self-employed / freelance,5
Yes,5a297877edcbca00015f351f,Sometimes,11-12 hours,"Information or research, Emotional support or conversation, Decision-making, Learning or studying",5,3,2,6,7,7,6,2,1,5,4,7,5,4,3,6,4,3,5,5,6,5,4,6,7,5,5,6,AI is a risk if it's more sycophantic than objective,3,1,7,3,"Honesty, Non-harm, Transparency",25 - 34,Man,Canada,Some university/college,Not currently working,3
Yes,680c0636408121caf12fe0d1,Very often,2-4 hours,"Information or research, Work tasks, Creative projects, Emotional support or conversation, Decision-making, Entertainment, Learning or studying",7,1,1,1,1,1,1,7,1,7,1,7,7,4,7,7,7,7,1,7,7,7,7,7,7,5,1,1,no,7,7,7,7,"Honesty, Transparency, Accountability",55 - 65,Woman,US,Bachelor's degree,Employed full time,7
Yes,5a510af3eedc32000141fe67,Sometimes,5-6 hours,"Information or research, Work tasks",4,5,6,4,6,7,6,3,1,5,3,6,6,7,1,3,2,5,2,4,2,3,4,4,5,6,4,5,Nothing else to add,3,6,4,3,"Non-harm, Transparency, Accountability",55 - 65,Woman,UK,Bachelor's degree,Employed full time,5
Yes,6634e03793fb35bb701cb8ea,Very often,2-4 hours,"Information or research, Creative projects, Entertainment",4,4,2,4,5,4,3,4,5,2,4,3,5,4,4,6,4,4,1,5,5,5,5,5,3,5,6,4,I feel like AI is a useful tool but its un it is un wise to take everything it says as 100 percent ,4,6,4,5,"Respect, Human wellbeing, Non-harm",25 - 34,Woman,UK,High school,Not currently working,5
Yes,612399c71548ff3b47e406e8,Often,7-8 hours,"Information or research, Work tasks, Decision-making",5,4,5,6,6,5,6,4,6,5,5,2,4,3,4,5,4,6,4,6,4,5,5,6,5,6,5,5,Nothing else,5,6,6,5,"Honesty, Empathy, Fairness",45 - 54,Man,UK,High school,Employed full time,5
Yes,60cd45f3a4134f92558cc450,Occasionally,2-4 hours,"Information or research, Learning or studying",5,7,7,7,7,7,3,3,2,1,5,4,7,7,1,1,1,1,3,2,1,1,1,1,7,7,4,5,I think there's a major issue (potential or realised) with privacy.,1,5,1,1,"Responsibility, Transparency, Accountability",55 - 65,Woman,Australia,Postgraduate degree,Employed full time,4
Yes,669f1b414df434c089390389,Rarely,5-6 hours,Information or research,4,4,4,4,4,6,4,4,4,4,4,4,4,4,2,4,4,2,1,1,1,1,1,4,7,4,4,4,no,1,7,1,1,"Non-harm, Transparency, Accountability",35 - 44,Woman,US,Postgraduate degree,Employed full time,7
Yes,66c6683f6336ebf638da4db4,Occasionally,2-4 hours,"Information or research, Entertainment",3,7,7,5,7,7,6,2,1,4,2,7,6,7,1,1,1,1,5,4,1,1,2,4,1,7,4,6,I liked in the past when AI would list the web links they used to create the provided summary.  This allowed me to more easily check the validity of the created summary.  I have also read that now AI will use AI generated summaries as a reference point.  If this is the case then this is so wrong.,1,6,5,1,"Honesty, Transparency, being truthful",55 - 65,Man,Canada,Bachelor's degree,Not currently working,6
Yes,5e6af189bdaa1a0b355f63ae,Sometimes,7-8 hours,Information or research,5,6,5,6,7,6,6,6,1,5,3,5,6,7,2,6,2,3,3,2,5,2,1,6,2,7,1,1,no,2,7,1,5,"Honesty, Fairness, Non-harm",45 - 54,Woman,US,Bachelor's degree,Self-employed / freelance,7
Yes,67c60b46b619cad09b65ab51,Occasionally,7-8 hours,"Information or research, Creative projects, Emotional support or conversation, Decision-making, Learning or studying",6,1,2,3,6,6,4,6,1,7,5,7,6,5,7,5,7,7,5,7,7,6,1,7,7,4,6,4,"For  me personally A.I safety is basically about making sure A.I systems behave in a way that is more helpful, reliable and safe to soceity.",6,7,1,4,"Human wellbeing, Transparency, Accountability",45 - 54,Man,UK,Postgraduate degree,Employed full time,7
Yes,5b13da851e55760001ba009a,Sometimes,5-6 hours,"Information or research, Learning or studying",4,6,6,3,7,7,7,3,1,5,2,7,7,7,2,1,1,2,2,2,1,1,2,5,6,3,6,6,"I only use A1 on occasions, for information, never ask anything personal",5,7,3,4,"Honesty, Fairness, Human wellbeing",Over 65,Woman,UK,Some university/college,Employed part-time,6
Yes,61329a3e3f353940f7fcd042,Very often,7-8 hours,"Information or research, Decision-making",6,6,5,6,6,7,6,3,2,2,2,5,6,6,2,2,2,3,4,5,5,5,5,3,5,6,3,4,N/A,3,5,4,3,"Responsibility, Non-harm, Transparency",18 - 24,Woman,UK,Bachelor's degree,Employed full time,5
Yes,59de66cac0d35a0001294c46,Very often,11-12 hours,"Work tasks, Decision-making, Learning or studying",5,3,2,3,6,3,3,4,5,3,5,3,3,5,3,3,5,5,3,4,4,5,5,5,4,6,3,4,No,4,5,4,5,"Responsibility, Transparency, Accountability",35 - 44,Woman,UK,Bachelor's degree,Employed full time,6
Yes,67e0875cac594a7d8175c644,Everyday,7-8 hours,"Information or research, Creative projects, Emotional support or conversation, Decision-making, Learning or studying",5,5,2,2,2,2,5,4,2,1,1,7,7,5,5,1,1,5,5,5,6,6,2,6,5,6,5,6,no,4,4,5,5,"Honesty, Fairness, Transparency",35 - 44,Woman,US,Bachelor's degree,Employed part-time,5
Yes,5c7ea15cb215c6000122b48d,Often,5-6 hours,"Information or research, Creative projects, Entertainment",6,6,5,7,7,7,7,5,1,4,3,2,1,1,2,3,6,4,1,3,2,5,2,7,1,5,6,3,I mostly use AI for letting it write little stories for myself and don't really use it for anything personal to be honest. I can see why some people turn to them for life advice and it can be useful for summarizing things found on the web but just like with humans on the internet you have to be careful with the information you're seeing and always be on the lookout,5,3,2,5,"Fairness, Responsibility, Transparency",25 - 34,Man,UK,High school,Employed full time,5
Yes,5e9ffa9ee172201b04f1a4c6,Everyday,9-10 hours,Work tasks,5,4,5,5,4,6,6,3,3,6,6,5,6,6,4,5,4,5,6,6,5,6,5,6,6,3,2,2,No I use it everyday and generally trust it ,6,4,5,6,"Honesty, Fairness, Non-harm",35 - 44,Woman,UK,Bachelor's degree,Employed full time,5
Yes,68d77176b97fb56f05e7fa15,Everyday,7-8 hours,"Information or research, Work tasks, Emotional support or conversation, Decision-making, Learning or studying",7,4,4,3,3,5,5,3,1,6,4,6,6,7,7,7,4,4,5,5,6,7,5,6,6,6,6,5,n/a,6,6,5,6,"Honesty, Fairness, Responsibility",25 - 34,Woman,Australia,Postgraduate degree,Student,5
Yes,5849916abb147f0001786ac5,Everyday,More than 12 hours,"Information or research, Work tasks, Creative projects, Decision-making, Learning or studying",7,6,5,4,6,7,7,5,4,7,5,6,7,5,5,6,5,5,5,6,5,6,6,6,7,5,6,6,"With anything, do your own research!",6,6,6,6,"Responsibility, Transparency, Accountability",55 - 65,Man,UK,Bachelor's degree,Self-employed / freelance,5
Yes,613e495d5991ed54f860fe9d,Sometimes,5-6 hours,Information or research,5,3,3,3,3,5,2,2,1,3,2,6,4,5,2,2,2,2,3,6,5,7,5,6,2,5,2,5,I know AI occasionally makes things up!,2,3,3,5,"Responsibility, Human wellbeing, Transparency",45 - 54,Man,UK,Postgraduate degree,Employed full time,3
Yes,62f3b543dce069211e8e982c,Sometimes,2-4 hours,"Information or research, Entertainment",4,4,5,4,4,2,6,1,1,2,1,4,4,5,3,3,3,4,5,4,5,5,4,6,4,3,3,5,N/A,6,5,4,5,"Honesty, Non-harm, Accountability",55 - 65,Man,UK,Bachelor's degree,Not currently working,6
Yes,67e95b4ce056cb97ac8a5c21,Sometimes,5-6 hours,"Information or research, Work tasks, Learning or studying",4,6,5,4,7,5,6,4,3,5,3,6,5,6,3,4,3,4,5,5,4,5,3,5,5,6,4,5,I feel AI has its benefits and risks but if managed well the benefits definitely outweigh the risks. ,4,5,5,4,"Honesty, Empathy, Transparency",25 - 34,Man,UK,Bachelor's degree,Employed full time,6
Yes,66125c309e5fdbc4ec2f52ba,Everyday,More than 12 hours,"Information or research, Work tasks, Learning or studying",6,2,6,3,7,6,5,3,1,7,2,7,7,6,2,4,2,4,1,6,5,3,5,5,7,5,7,5,The biggest problem I have is when it makes up answers. It needs to be more consistent in giving real solutions.,5,6,2,5,"Honesty, Human wellbeing, Transparency",35 - 44,Man,New Zealand,Some university/college,Employed full time,3
Yes,67d9ef30fe8af2858e8dbbd3,Everyday,2-4 hours,"Information or research, Work tasks, Decision-making, Entertainment, Learning or studying",7,7,2,2,1,7,4,6,4,7,7,7,7,7,7,7,7,7,3,3,7,7,7,7,1,5,3,7,Nope,6,6,7,7,"Honesty, Responsibility, Transparency",45 - 54,Woman,US,Bachelor's degree,Employed full time,6
Yes,5a69d77a56585a0001633482,Occasionally,11-12 hours,"Information or research, Entertainment",4,6,6,4,7,5,6,1,1,1,1,6,7,6,1,2,1,1,1,1,1,1,2,1,6,7,6,6,No comments,2,6,1,1,"Honesty, Transparency",45 - 54,Man,UK,High school,Not currently working,5
Yes,67246794a85893f571f01fcc,Very often,Less than 2 hours,"Information or research, Creative projects, Entertainment",6,5,6,4,6,7,6,5,7,4,4,5,3,6,4,6,6,4,5,4,6,4,5,7,4,2,2,2,no,4,5,5,3,"Respect, Human wellbeing, Transparency",25 - 34,Woman,US,Some university/college,Employed full time,6
Yes,67d43f5c7253c147df75e9e5,Very often,5-6 hours,"Work tasks, Creative projects, Decision-making",6,5,3,2,6,6,4,3,5,5,5,6,5,4,2,4,3,3,2,2,6,6,5,7,6,6,5,5,AI providing harmful responses that are respectful or safe to the user,5,7,2,6,"Honesty, Empathy, Non-harm",25 - 34,Man,UK,Postgraduate degree,Employed full time,7
Yes,6600a119385d8631c41cd795,Everyday,9-10 hours,"Information or research, Work tasks, Creative projects, Decision-making, Entertainment, Learning or studying",7,2,5,3,1,5,5,1,6,7,7,7,5,4,7,6,7,7,5,4,7,7,7,7,1,5,5,7,N/A,6,7,5,7,"Honesty, Responsibility, Transparency",35 - 44,Man,US,Bachelor's degree,Employed full time,7
Yes,6657b0d02e5dfa6c2663a647,Often,5-6 hours,"Information or research, Decision-making, Learning or studying",5,5,5,5,3,4,3,3,2,5,5,3,3,4,3,2,4,6,4,5,6,4,4,5,3,3,2,4,Nothing comes to mind at the moment.,4,3,2,4,"Honesty, Responsibility, Transparency",35 - 44,Man,US,High school,Not currently working,4
Yes,627bbdcbf1475a64687a8cec,Sometimes,7-8 hours,"Information or research, Creative projects, Learning or studying",5,6,3,5,6,6,6,6,2,5,2,6,6,6,2,3,2,5,3,5,5,5,5,6,3,6,5,5,Not really. ,5,6,6,5,"Honesty, Non-harm, Accountability",18 - 24,Woman,US,Some university/college,Student,6
Yes,66d63bf354de4c20d9369e20,Sometimes,5-6 hours,"Information or research, Emotional support or conversation, Decision-making, Entertainment, Learning or studying",6,5,3,3,5,4,5,3,2,6,3,6,3,4,5,5,4,5,6,5,5,6,5,7,2,5,3,2,no,5,4,5,5,"Honesty, Respect, Accountability",45 - 54,Man,US,High school,Employed full time,4
Yes,6266aba991affe86ae58ce07,Sometimes,5-6 hours,"Information or research, Decision-making",5,5,5,4,4,6,5,5,3,6,4,6,6,5,2,2,2,4,5,5,5,6,3,6,4,5,3,5,I don't think AI can be fully trusted yet with more important decisions.,4,6,3,4,"Honesty, Responsibility, Transparency",55 - 65,Man,UK,High school,Other,3
Yes,5c191f0fd877e00001d4d52a,Everyday,2-4 hours,"Information or research, Work tasks, Creative projects",7,7,6,6,7,7,7,2,2,1,2,7,7,7,2,1,1,1,2,2,2,2,1,6,6,6,1,1,"My main concern surrounding AI safety, is that I have observed both heavy religious and political bias. I fear it will be used as yet another propaganda tool and that people will walk blindly into it. AI could and should be pure and a tool for real advancement of the human race, but I fear this will not be the case. Greed and thirst for power will likely win. ",1,1,1,3,"Honesty, Human wellbeing, Transparency",45 - 54,Man,UK,Some university/college,Employed full time,7
Yes,672a4909b6dfbe6ba024ddeb,Everyday,9-10 hours,"Information or research, Work tasks, Decision-making",6,5,4,2,5,3,2,6,4,6,7,3,4,5,3,5,2,3,2,6,2,5,6,6,2,6,2,4,"I think like most tools it will get better and less biased in the future but it's up to users to remain skeptical and not blindly accept results, just like most people wouldnt automatically just accept the first result on a Google search",5,6,5,5,"Honesty, Transparency, Accountability",45 - 54,Man,US,Bachelor's degree,Employed full time,6
Yes,5885129a6907b40001de425a,Rarely,5-6 hours,Information or research,2,7,6,6,4,7,4,1,1,4,3,7,7,4,1,3,1,1,1,1,1,4,4,3,6,7,7,7,NO,2,6,3,1,"Responsibility, Non-harm, Transparency",35 - 44,Woman,UK,High school,Employed part-time,6
Yes,5a4698b97a3e3a0001dd564e,Occasionally,More than 12 hours,"Information or research, Work tasks",4,7,7,6,7,7,7,1,1,1,3,6,6,4,1,2,1,1,1,1,1,1,1,3,1,6,4,7,no,4,6,4,2,"Fairness, Transparency, Accountability",35 - 44,Woman,UK,Some university/college,Employed full time,2
Yes,659ab50980820849a02c0b5f,Sometimes,5-6 hours,Information or research,4,5,4,3,4,2,4,3,2,5,4,4,5,5,3,5,4,4,2,3,5,3,5,6,2,1,2,2,No,5,6,2,5,"Honesty, Responsibility, Accountability",55 - 65,Woman,UK,Bachelor's degree,Other,5
Yes,65804dc6b00fe596b885c595,Everyday,5-6 hours,"Information or research, Emotional support or conversation, Entertainment",6,5,5,5,4,3,3,6,4,5,5,5,4,6,2,6,5,4,5,4,6,6,5,6,5,2,4,5,No,5,6,5,5,"Honesty, Responsibility, Accountability",55 - 65,Man,UK,Bachelor's degree,Employed full time,6
Yes,67823189419133e67fc6e5c0,Everyday,5-6 hours,"Information or research, Work tasks, Creative projects, Learning or studying",7,4,4,3,4,2,4,5,1,6,1,7,7,4,2,2,2,2,6,6,7,6,7,7,6,5,5,7,None,6,7,3,6,"Honesty, Fairness, Non-harm",25 - 34,Man,UK,Postgraduate degree,Employed full time,7
Yes,67d21364aa4dc87ecd8f3f1b,Very often,5-6 hours,"Information or research, Creative projects, Emotional support or conversation, Decision-making, Entertainment",7,6,6,6,6,6,2,6,7,7,6,4,6,5,5,5,4,4,5,4,6,7,6,7,7,5,6,5,n/a,7,6,7,6,"Honesty, Fairness, Responsibility",25 - 34,Man,US,Some university/college,Not currently working,7
Yes,67577f7256966a1682182626,Very often,9-10 hours,"Information or research, Work tasks, Decision-making, Learning or studying",5,5,3,4,5,4,6,1,1,3,6,1,2,6,1,5,5,4,1,5,7,7,4,7,3,6,1,3,"As it stands now, I'm quite comfortable using AI for the purposes I currently use it for. I find it very helpful to me. I do not use it for highly personal purposes.",6,7,2,4,"Empathy, Non-harm, Transparency",55 - 65,Woman,US,Postgraduate degree,Employed part-time,6
Yes,63d85df2ce828accc88ba837,Everyday,More than 12 hours,"Information or research, Work tasks, Creative projects, Emotional support or conversation, Decision-making, Entertainment, Learning or studying",7,1,1,1,6,5,7,5,3,2,2,7,7,7,1,1,7,7,7,7,7,7,3,3,7,7,7,7,I think AI has a lot of potential to make life easier and improve life efficiency but also needs strong safety guidelines and transparecny. ,5,7,7,7,"Honesty, Transparency, Accountability",35 - 44,Man,US,Bachelor's degree,Employed full time,7
Yes,5bb4cfa1a2eb7f00015d52cd,Sometimes,7-8 hours,Entertainment,2,6,6,2,6,7,7,1,1,1,1,7,7,4,2,5,5,2,2,1,3,5,1,3,6,3,5,6,I fear AI is relied upon too easily has the potential to cause negative consequences for users.,3,6,6,2,"Honesty, Human wellbeing, Transparency",55 - 65,Woman,UK,High school,Not currently working,4
Yes,5ee00b8630f30b34f2a5dc1c,Occasionally,More than 12 hours,"Information or research, Work tasks, Decision-making, Learning or studying",2,7,7,5,6,7,7,2,1,1,2,7,7,4,3,3,2,1,5,3,1,6,5,2,7,6,3,6,no comment,1,2,6,2,"Honesty, Human wellbeing, Non-harm",35 - 44,Man,US,Some university/college,Not currently working,1
Yes,667d08e12ac1bcbdd829a936,Rarely,2-4 hours,Information or research,4,6,6,6,6,6,6,3,2,4,3,6,6,6,2,2,2,2,2,2,2,2,4,2,6,6,5,6,N/A,2,6,3,2,"Respect, Non-harm, Transparency",18 - 24,Woman,US,Some university/college,Employed part-time,6
Yes,63ed50df25d0ea08696b393f,Often,2-4 hours,Work tasks,5,4,3,2,4,4,3,3,3,5,5,4,4,5,3,4,5,5,5,6,4,3,3,4,4,2,2,3,no,4,6,4,5,"Honesty, Fairness",45 - 54,Man,UK,Bachelor's degree,Employed full time,6
Yes,66971f1f9181bdc85972b84d,Rarely,Less than 2 hours,Information or research,5,7,6,7,7,7,5,1,1,4,1,7,7,7,1,2,1,2,2,1,1,4,1,1,7,7,6,7,"There needs to be laws regarding deepfakes in the AI community at the moment. Right now, there are no limitations on what  can and can't be generated within the law and it's all fun and games till it gets too realistic to tell apart from real life scenarios.",3,6,2,2,"Honesty, Non-harm, Transparency",25 - 34,Man,US,High school,Not currently working,6
Yes,6661f59ccfc8aeaad069753d,Often,2-4 hours,"Information or research, Decision-making, Entertainment",5,5,5,4,6,5,6,2,1,2,2,6,7,4,2,5,4,3,5,4,6,4,6,7,6,3,2,4,No,5,6,2,5,"Responsibility, Non-harm, Accountability",Over 65,Man,UK,Postgraduate degree,Other,5
Yes,6869318f8be1d4ab8cabb66f,Very often,More than 12 hours,"Information or research, Creative projects, Decision-making, Entertainment",5,3,4,3,4,2,4,3,4,5,4,5,6,4,5,3,6,5,6,5,7,4,6,4,6,4,3,5,great,6,4,6,4,"Honesty, Empathy, Fairness",25 - 34,Woman,Australia,Postgraduate degree,Employed part-time,4
Yes,67e9e4a4cddd6331b90f280c,Everyday,5-6 hours,"Information or research, Work tasks, Emotional support or conversation, Decision-making, Learning or studying",7,6,5,5,5,5,6,5,5,4,5,4,5,3,5,4,5,5,5,6,5,5,6,5,6,6,5,6,none,6,4,6,4,"Fairness, Transparency, Accountability",45 - 54,Woman,US,Bachelor's degree,Employed full time,6
